機坪, ,航班,時間,動作,狀態,排序,表定,預計,機號,機型,航廈
506,🛫,5X27,03:01:04,離,已飛,2026/03/22 03:01:04,03:10:00,03:01:04,,B767-300,1
D3,🛫,BX798,03:01:48,離,已飛,2026/03/22 03:01:48,03:15:00,03:01:48,,A321-200,2
514,🛬,CI5896,03:35:00,落,已到,2026/03/22 03:35:00,03:35:00,04:56:01,,B747-400,1
513,🛬,5X61,03:40:00,落,已到,2026/03/22 03:40:00,03:40:00,03:33:10,,B747-8F,1
A4,🛫,5J311,03:43:14,離,已飛,2026/03/22 03:43:14,03:15:00,03:43:14,,A330-900,1
504,🛬,CI5838,03:50:00,落,已到,2026/03/22 03:50:00,03:50:00,03:12:13,,B777F,1
505,🛫,RH4569,04:06:00,離,已飛,2026/03/22 04:06:00,04:20:00,04:06:00,,A330-200,1
C9,🛬,BR49,04:10:00,落,已到,2026/03/22 04:10:00,04:10:00,03:31:27,,B787-9,2
515,🛫,CI5823,04:18:35,離,已飛,2026/03/22 04:18:35,03:35:00,04:18:35,,B747-400,1
D9,🛬,JX9,04:30:00,落,已到,2026/03/22 04:30:00,04:30:00,03:33:30,,A350-900,2
D7,🛬,UA853,04:45:00,落,已到,2026/03/22 04:45:00,04:45:00,03:59:07,,B777-222,2
515,🛬,CI5239,04:45:00,落,已到,2026/03/22 04:45:00,04:45:00,04:38:05,,B747-400,1
D8,🛬,CI3,04:50:00,落,已到,2026/03/22 04:50:00,04:50:00,04:06:18,,B777-300,2
B5,🛬,FD242,04:55:00,落,已到,2026/03/22 04:55:00,04:55:00,04:38:12,,A320-200,1
D12,🛬,JX31,04:55:00,落,已到,2026/03/22 04:55:00,04:55:00,03:51:02,,A350-900,2
509,🛬,CI5381,04:55:00,落,已到,2026/03/22 04:55:00,04:55:00,05:51:25,,B777F,1
522,🛬,BR6312,04:55:00,落,已到,2026/03/22 04:55:00,04:55:00,05:48:42,,B777F,1
C8,🛬,BR25,05:00:00,落,已到,2026/03/22 05:00:00,05:00:00,04:26:59,,B787-10,2
507,🛬,CI5826,05:00:00,落,已到,2026/03/22 05:00:00,05:00:00,05:36:07,,B777F,1
B8,🛬,BR316,05:05:00,落,已到,2026/03/22 05:05:00,05:05:00,04:51:38,,B787-10,2
D4,🛬,JX11,05:05:00,落,已到,2026/03/22 05:05:00,05:05:00,04:31:41,,A350-900,2
C6,🛬,BR27,05:10:00,落,已到,2026/03/22 05:10:00,05:10:00,04:45:20,,B777-300,2
501,🛬,BR671,05:10:00,落,已到,2026/03/22 05:10:00,05:10:00,08:55:05,,B777F,1
C5,🛬,BR9,05:15:00,落,已到,2026/03/22 05:15:00,05:15:00,04:04:12,,B777-300,2
A9,🛬,JX1,05:15:00,落,已到,2026/03/22 05:15:00,05:15:00,05:03:26,,A350-900,2
522,🛬,CV9006,05:15:00,落,已到,2026/03/22 05:15:00,05:15:00,13:47:45,,B747-8F,1
D2,🛬,CI7,05:20:00,落,已到,2026/03/22 05:20:00,05:20:00,05:11:27,,B777-300,2
505,🛬,CI5898,05:20:00,落,已到,2026/03/22 05:20:00,05:20:00,07:04:02,,B747-400,1
C1,🛬,BR35,05:25:00,落,已到,2026/03/22 05:25:00,05:25:00,06:12:37,,B777-300,2
D6,🛬,CI23,05:30:00,落,已到,2026/03/22 05:30:00,05:30:00,04:56:25,,B777-300,2
C6,🛬,BR55,05:30:00,落,已到,2026/03/22 05:30:00,05:30:00,05:51:38,,B777-300,2
B7,🛬,TR898,05:30:00,落,已到,2026/03/22 05:30:00,05:30:00,05:45:29,,B787-9,1
A8,🛬,CI31,05:35:00,落,已到,2026/03/22 05:35:00,05:35:00,04:32:47,,B777-300,2
513,🛫,5X61,05:36:44,離,已飛,2026/03/22 05:36:44,05:35:00,05:36:44,,B747-8F,1
B5,🛫,FD242,05:38:19,離,已飛,2026/03/22 05:38:19,05:55:00,05:38:19,,A320-200,1
C1,🛬,BR11,05:40:00,落,已到,2026/03/22 05:40:00,05:40:00,05:02:44,,B777-300,2
C6,🛬,BR17,05:40:00,落,已到,2026/03/22 05:40:00,05:40:00,15:52:26,,B777-300,2
519,🛬,BR695,05:45:00,落,已到,2026/03/22 05:45:00,05:45:00,03:43:38,,B777F,1
D1,🛬,CI54,05:50:00,落,已到,2026/03/22 05:50:00,05:50:00,05:14:56,,A350-900,2
A3,🛬,CI710,05:50:00,落,已到,2026/03/22 05:50:00,05:50:00,05:23:59,,A321-271,1
C7,🛬,BR15,06:00:00,落,已到,2026/03/22 06:00:00,06:00:00,05:45:32,,B777-300,2
B9,🛬,BR262,06:00:00,落,已到,2026/03/22 06:00:00,06:00:00,05:33:40,,B777-300,2
C5R,🛬,BR382,06:10:00,落,已到,2026/03/22 06:10:00,06:10:00,06:29:07,,A330-300,2
B2,🛫,IT234,06:13:21,離,已飛,2026/03/22 06:13:21,06:15:00,06:13:21,,A320-232,1
A6,🛬,CI62,06:15:00,落,已到,2026/03/22 06:15:00,06:15:00,06:21:38,,A350-900,1
C4,🛬,BR31,06:20:00,落,已到,2026/03/22 06:20:00,06:20:00,05:45:47,,B777-300,2
C5,🛬,BR51,06:20:00,落,已到,2026/03/22 06:20:00,06:20:00,05:50:18,,B777-300,2
D13,🛬,BR96,06:20:00,落,已到,2026/03/22 06:20:00,06:20:00,07:11:20,,B787-9,2
C10,🛫,BR166,06:22:01,離,已飛,2026/03/22 06:22:01,06:15:00,06:22:01,,A321-200,2
504,🛫,CI5304,06:22:59,離,已飛,2026/03/22 06:22:59,03:40:00,06:22:59,,B777F,1
B1,🛫,JX834,06:25:15,離,已飛,2026/03/22 06:25:15,06:15:00,06:25:15,,A321-252,1
B6,🛫,IT200,06:26:54,離,已飛,2026/03/22 06:26:54,06:35:00,06:26:54,,A320-232,1
D16,🛬,BR72,06:30:00,落,已到,2026/03/22 06:30:00,06:30:00,06:43:30,,B787-9,2
A7,🛫,IT230,06:30:39,離,已飛,2026/03/22 06:30:39,06:35:00,06:30:39,,A320-232,1
D15R,🛫,BR158,06:32:52,離,已飛,2026/03/22 06:32:52,06:35:00,06:32:52,,A321-200,2
D9,🛫,BR110,06:33:05,離,已飛,2026/03/22 06:33:05,06:25:00,06:33:05,,A321-200,2
A7,🛬,CI74,06:35:00,落,已到,2026/03/22 06:35:00,06:35:00,06:49:55,,A350-900,1
B1R,🛬,VZ566,06:35:00,落,已到,2026/03/22 06:35:00,06:35:00,06:27:22,,A321-200,1
521,🛬,BR6328,06:35:00,落,已到,2026/03/22 06:35:00,06:35:00,06:27:59,,B777F,1
B3,🛫,IT236,06:37:36,離,已飛,2026/03/22 06:37:36,06:45:00,06:37:36,,A320-271,1
D2,🛬,CI756,06:40:00,落,已到,2026/03/22 06:40:00,06:40:00,07:02:59,,A330-300,1
C5R,🛬,BR66,06:40:00,落,已到,2026/03/22 06:40:00,06:40:00,06:52:00,,B787-9,2
D16,🛫,BR178,06:40:40,離,已飛,2026/03/22 06:40:40,06:30:00,06:40:40,,B787-10,2
D11,🛫,JX789,06:44:57,離,已飛,2026/03/22 06:44:57,06:55:00,06:44:57,,A321-252,2
B7,🛫,TR898,06:45:38,離,已飛,2026/03/22 06:45:38,06:40:00,06:45:38,,B787-9,1
A1,🛫,IT654,06:48:21,離,已飛,2026/03/22 06:48:21,06:40:00,06:48:21,,A320-271,1
D5,🛫,CI110,06:49:53,離,已飛,2026/03/22 06:49:53,06:50:00,06:49:53,,A330-300,2
D15,🛬,BR206,06:50:00,落,已到,2026/03/22 06:50:00,06:50:00,06:44:34,,B787-10,2
B4,🛫,IT240,06:53:23,離,已飛,2026/03/22 06:53:23,06:45:00,06:53:23,,A320-271,1
D13,🛫,JX761,06:57:26,離,已飛,2026/03/22 06:57:26,06:50:00,06:57:26,,A321-252,2
D7,🛫,CI112,07:02:11,離,已飛,2026/03/22 07:02:11,07:00:00,07:02:11,,A321-271,2
C8,🛫,BR891,07:07:33,離,已飛,2026/03/22 07:07:33,07:00:00,07:07:33,,B787-10,2
D3,🛫,CI601,07:09:21,離,已飛,2026/03/22 07:09:21,07:15:00,07:09:21,,B737-800,1
B1R,🛫,IT246,07:09:38,離,已飛,2026/03/22 07:09:38,07:10:00,07:09:38,,A320-232,1
C5R,🛫,BR112,07:11:20,離,已飛,2026/03/22 07:11:20,06:55:00,07:11:20,,A321-200,2
C3,🛫,BR170,07:13:02,離,已飛,2026/03/22 07:13:02,07:05:00,07:13:02,,A330-300,2
A4,🛫,CI833,07:13:15,離,已飛,2026/03/22 07:13:15,07:10:00,07:13:15,,A330-300,1
B3,🛬,CI838,07:15:00,落,已到,2026/03/22 07:15:00,07:15:00,07:04:54,,A321-271,1
C3,🛬,BR88,07:20:00,落,已到,2026/03/22 07:20:00,07:20:00,07:37:49,,B777-300,2
519,🛫,BR638,07:23:52,離,已飛,2026/03/22 07:23:52,07:25:00,07:23:52,,B777F,1
C5R,🛫,BR257,07:23:53,離,已飛,2026/03/22 07:23:53,07:20:00,07:23:53,,A321-200,2
B1R,🛫,IT210,07:24:37,離,已飛,2026/03/22 07:24:37,07:00:00,07:24:37,,A320-232,1
B5,🛫,JX846,07:26:18,離,已飛,2026/03/22 07:26:18,07:30:00,07:26:18,,A330-900,1
A8,🛫,CI781,07:26:48,離,已飛,2026/03/22 07:26:48,07:25:00,07:26:48,,B777-300,1
D17,🛫,BR217,07:29:16,離,已飛,2026/03/22 07:29:16,07:00:00,07:29:16,,B777-300,2
B1R,🛫,CI851,07:33:01,離,已飛,2026/03/22 07:33:01,07:20:00,07:33:01,,A321-271,1
B1R,🛫,VZ566,07:33:22,離,已飛,2026/03/22 07:33:22,07:15:00,07:33:22,,A321-200,1
D5R,🛫,VN571,07:39:27,離,已飛,2026/03/22 07:39:27,07:45:00,07:39:27,,A321-231,2
504,🛬,CI5345,07:40:00,落,已到,2026/03/22 07:40:00,07:40:00,06:38:58,,B777F,1
C10,🛫,VN579,07:40:47,離,已飛,2026/03/22 07:40:47,07:35:00,07:40:47,,A321-231,2
D12,🛫,JX711,07:42:16,離,已飛,2026/03/22 07:42:16,07:40:00,07:42:16,,A330-900,2
A1,🛫,CI188,07:42:49,離,已飛,2026/03/22 07:42:49,07:50:00,07:42:49,,A321-271,1
A5,🛫,CI701,07:44:35,離,已飛,2026/03/22 07:44:35,07:35:00,07:44:35,,A330-300,1
C6,🛫,BR225,07:45:31,離,已飛,2026/03/22 07:45:31,07:25:00,07:45:31,,B777-300,2
D9,🛫,CI154,07:45:31,離,已飛,2026/03/22 07:45:31,07:35:00,07:45:31,,B737-800,2
B1,🛫,CI861,07:50:32,離,已飛,2026/03/22 07:50:32,07:50:00,07:50:32,,B737-800,1
A1,🛬,IT217,07:55:00,落,已到,2026/03/22 07:55:00,07:55:00,07:47:22,,A320-271,1
A2,🛫,CI160,07:58:56,離,已飛,2026/03/22 07:58:56,07:50:00,07:58:56,,A330-300,1
B2,🛫,JX820,07:59:23,離,已飛,2026/03/22 07:59:23,07:40:00,07:59:23,,A330-900,1
B1R,🛬,SL396,08:00:00,落,已到,2026/03/22 08:00:00,08:00:00,07:37:28,,B737-900,1
B1R,🛫,TG637,08:00:23,離,已飛,2026/03/22 08:00:23,07:40:00,08:00:23,,A320,1
A3,🛫,CI791,08:07:32,離,已飛,2026/03/22 08:07:32,08:15:00,08:07:32,,A330-300,1
D18,🛫,BR106,08:07:37,離,已飛,2026/03/22 08:07:37,08:00:00,08:07:37,,B787-9,2
D5,🛫,CI551,08:08:05,離,已飛,2026/03/22 08:08:05,08:00:00,08:08:05,,A321-271,2
D7,🛫,CI120,08:09:58,離,已飛,2026/03/22 08:09:58,08:15:00,08:09:58,,A321-271,2
B4,🛫,CI705,08:10:30,離,已飛,2026/03/22 08:10:30,08:10:00,08:10:30,,A321-271,1
C9,🛫,BR707,08:11:10,離,已飛,2026/03/22 08:11:10,08:10:00,08:11:10,,B787-9,2
514,🛫,CI5240,08:13:15,離,已飛,2026/03/22 08:13:15,06:40:00,08:13:15,,B747-400,1
B6,🛫,CX407,08:13:44,離,已飛,2026/03/22 08:13:44,08:20:00,08:13:44,,A330-300,1
A4,🛫,JX715,08:14:33,離,已飛,2026/03/22 08:14:33,08:30:00,08:14:33,,A321-252,1
D8,🛫,CI156,08:15:25,離,已飛,2026/03/22 08:15:25,08:10:00,08:15:25,,B777-300,2
D14R,🛫,BR184,08:17:17,離,已飛,2026/03/22 08:17:17,07:55:00,08:17:17,,B787-10,2
B3,🛫,CI903,08:18:58,離,已飛,2026/03/22 08:18:58,08:05:00,08:18:58,,A321-271,1
B1,🛬,NX632,08:20:00,落,已到,2026/03/22 08:20:00,08:20:00,08:04:53,,A321-200,1
B7,🛫,BR67,08:21:12,離,已飛,2026/03/22 08:21:12,08:05:00,08:21:12,,B777-300,2
C7,🛫,BR211,08:23:45,離,已飛,2026/03/22 08:23:45,08:25:00,08:23:45,,B777-300,2
D1,🛫,CI753,08:26:42,離,已飛,2026/03/22 08:26:42,08:20:00,08:26:42,,A350-900,1
D11,🛫,JX771,08:27:15,離,已飛,2026/03/22 08:27:15,08:40:00,08:27:15,,A330-900,2
515,🛫,CI5869,08:27:58,離,已飛,2026/03/22 08:27:58,04:45:00,08:27:58,,B747-400,1
A6,🛫,CI721,08:29:46,離,已飛,2026/03/22 08:29:46,08:30:00,08:29:46,,A350-900,1
B1R,🛫,JX201,08:32:41,離,已飛,2026/03/22 08:32:41,08:50:00,08:32:41,,A321-252,1
C8,🛫,BR132,08:34:43,離,已飛,2026/03/22 08:34:43,08:30:00,08:34:43,,B787-10,2
522,🛫,BR692,08:34:59,離,已飛,2026/03/22 08:34:59,07:50:00,08:34:59,,B777F,1
C5R,🛫,BR851,08:37:22,離,已飛,2026/03/22 08:37:22,08:10:00,08:37:22,,A321-200,2
A8,🛫,JX233,08:37:49,離,已飛,2026/03/22 08:37:49,08:45:00,08:37:49,,A321-252,1
A9,🛫,JX800,08:38:41,離,已飛,2026/03/22 08:38:41,08:30:00,08:38:41,,A350-900,1
D5R,🛫,JX785,08:39:10,離,已飛,2026/03/22 08:39:10,08:25:00,08:39:10,,A321-252,2
D17,🛫,BR281,08:40:31,離,已飛,2026/03/22 08:40:31,08:20:00,08:40:31,,A330-300,2
D6,🛫,CI130,08:42:34,離,已飛,2026/03/22 08:42:34,08:35:00,08:42:34,,B777-300,2
D1,🛬,NU301,08:45:00,落,已到,2026/03/22 08:45:00,08:45:00,08:28:57,,B737-800,2
509,🛫,CI5142,08:49:33,離,已飛,2026/03/22 08:49:33,07:25:00,08:49:33,,B777F,1
D3,🛫,AE991,08:50:26,離,已飛,2026/03/22 08:50:26,08:40:00,08:50:26,,A321-271,2
D4,🛫,CI501,08:51:04,離,已飛,2026/03/22 08:51:04,08:50:00,08:51:04,,B777-300,2
B8,🛫,BR198,08:51:43,離,已飛,2026/03/22 08:51:43,08:50:00,08:51:43,,B787-10,2
C4,🛫,BR233,08:53:01,離,已飛,2026/03/22 08:53:01,08:50:00,08:53:01,,A330-300,2
B3,🛬,MM859,08:55:00,落,已到,2026/03/22 08:55:00,08:55:00,09:02:43,,A320-200,1
A2,🛬,MM921,08:55:00,落,已到,2026/03/22 08:55:00,08:55:00,08:41:12,,A320-200,1
A1,🛫,IT256,08:55:17,離,已飛,2026/03/22 08:55:17,08:30:00,08:55:17,,A320-271,1
B4,🛬,PR890,09:00:00,落,已到,2026/03/22 09:00:00,09:00:00,08:47:49,,A330-343,1
D16,🛫,BR237,09:01:50,離,已飛,2026/03/22 09:01:50,09:00:00,09:01:50,,B787-9,2
A8,🛬,5J312,09:05:00,落,已到,2026/03/22 09:05:00,09:05:00,08:51:20,,A330-900,1
A9,🛬,Z2124,09:05:00,落,已到,2026/03/22 09:05:00,09:05:00,09:24:06,,A320-216,1
519,🛬,C84096,09:05:00,落,已到,2026/03/22 09:05:00,09:05:00,12:18:48,,B747-400,1
B2,🛫,CI771,09:09:30,離,已飛,2026/03/22 09:09:30,09:10:00,09:09:30,,A330-300,1
C6,🛫,BR271,09:10:15,離,已飛,2026/03/22 09:10:15,09:10:00,09:10:15,,B787-10,2
C3,🛫,BR395,09:13:53,離,已飛,2026/03/22 09:13:53,07:40:00,09:13:53,,B777-300,2
C1,🛫,BR397,09:14:24,離,已飛,2026/03/22 09:14:24,09:15:00,09:14:24,,B777-300,2
A5,🛫,CI761,09:16:15,離,已飛,2026/03/22 09:16:15,09:15:00,09:16:15,,A350-900,1
C5R,🛫,BR265,09:17:22,離,已飛,2026/03/22 09:17:22,08:45:00,09:17:22,,A330-300,2
C5,🛫,BR391,09:21:57,離,已飛,2026/03/22 09:21:57,09:10:00,09:21:57,,B777-300,2
B1,🛫,NX631,09:22:06,離,已飛,2026/03/22 09:22:06,09:40:00,09:22:06,,A321-200,1
B5,🛫,JX850,09:22:24,離,已飛,2026/03/22 09:22:24,09:20:00,09:22:24,,A330-900,1
514,🛬,CI5824,09:25:00,落,已到,2026/03/22 09:25:00,09:25:00,11:43:26,,B747-400,1
A3,🛫,CI731,09:26:25,離,已飛,2026/03/22 09:26:25,09:30:00,09:26:25,,A321-271,1
D2,🛫,CI100,09:27:18,離,已飛,2026/03/22 09:27:18,09:30:00,09:27:18,,A330-300,2
B1R,🛫,SL396,09:27:48,離,已飛,2026/03/22 09:27:48,09:00:00,09:27:48,,B737-900,1
521,🛫,BR650,09:27:53,離,已飛,2026/03/22 09:27:53,09:00:00,09:27:53,,B777F,1
D12,🛫,JX741,09:28:58,離,已飛,2026/03/22 09:28:58,09:25:00,09:28:58,,A350-900,2
515,🛬,5Y8991,09:30:00,落,已到,2026/03/22 09:30:00,09:30:00,10:24:05,,B747-8F,1
D15R,🛫,BR116,09:35:33,離,已飛,2026/03/22 09:35:33,09:30:00,09:35:33,,B787-10,2
B9,🛫,BR215,09:42:05,離,已飛,2026/03/22 09:42:05,09:35:00,09:42:05,,B777-300,2
A2,🛫,MM922,09:44:20,離,已飛,2026/03/22 09:44:20,09:45:00,09:44:20,,A320-200,1
B6,🛬,CX488,09:45:00,落,已到,2026/03/22 09:45:00,09:45:00,09:36:55,,A350-900,1
B8,🛬,MM23,09:45:00,落,已到,2026/03/22 09:45:00,09:45:00,09:18:49,,A320-200,1
A1,🛬,ZE881,09:45:00,落,已到,2026/03/22 09:45:00,09:45:00,09:29:27,,B737-800,1
C9,🛫,BR383,09:46:06,離,已飛,2026/03/22 09:46:06,09:45:00,09:46:06,,A330-300,2
D3,🛫,CI152,09:49:12,離,已飛,2026/03/22 09:49:12,09:45:00,09:49:12,,A321-271,2
D6,🛬,OZ711,09:50:00,落,已到,2026/03/22 09:50:00,09:50:00,09:54:20,,A380-800,2
A3,🛬,HB702,09:50:00,落,已到,2026/03/22 09:50:00,09:50:00,09:41:17,,B737-800,1
B3,🛫,MM24,09:52:11,離,已飛,2026/03/22 09:52:11,09:40:00,09:52:11,,A320-200,1
C8,🛫,BR712,09:54:03,離,已飛,2026/03/22 09:54:03,09:50:00,09:54:03,,B777-300,2
D2,🛬,CA191,09:55:00,落,已到,2026/03/22 09:55:00,09:55:00,09:37:52,,A330-300,2
A6,🛫,CI831,09:57:21,離,已飛,2026/03/22 09:57:21,10:05:00,09:57:21,,A330-300,1
D13,🛫,BR867,09:58:39,離,已飛,2026/03/22 09:58:39,09:50:00,09:58:39,,B787-9,2
D4,🛬,MF887,10:00:00,落,已到,2026/03/22 10:00:00,10:00:00,09:46:16,,A321-251,2
D8,🛫,UA872,10:01:08,離,已飛,2026/03/22 10:01:08,10:10:00,10:01:08,,B777-300,2
D1,🛫,NU302,10:03:36,離,已飛,2026/03/22 10:03:36,10:00:00,10:03:36,,B737-800,2
B4,🛫,PR891,10:03:43,離,已飛,2026/03/22 10:03:43,10:15:00,10:03:43,,A330-343,1
B7,🛫,BR255,10:03:45,離,已飛,2026/03/22 10:03:45,10:00:00,10:03:45,,A330-300,2
A8,🛫,5J313,10:06:03,離,已飛,2026/03/22 10:06:03,10:20:00,10:06:03,,A330-900,1
507,🛫,CI5226,10:11:32,離,已飛,2026/03/22 10:11:32,08:00:00,10:11:32,,B777F,1
D11,🛫,BR801,10:12:28,離,已飛,2026/03/22 10:12:28,10:00:00,10:12:28,,A330-300,2
A4,🛫,JX802,10:12:40,離,已飛,2026/03/22 10:12:40,10:10:00,10:12:40,,A350-100,1
A9,🛫,Z2125,10:12:55,離,已飛,2026/03/22 10:12:55,09:45:00,10:12:55,,A320-216,1
505,🛫,CI5873,10:13:10,離,已飛,2026/03/22 10:13:10,08:40:00,10:13:10,,B747-400,1
B9,🛬,CX564,10:15:00,落,已到,2026/03/22 10:15:00,10:15:00,10:21:57,,B777-300,1
D7,🛫,BR154,10:16:04,離,已飛,2026/03/22 10:16:04,10:00:00,10:16:04,,A330-300,2
B2,🛬,IT231,10:20:00,落,已到,2026/03/22 10:20:00,10:20:00,10:04:34,,A320-232,1
D3,🛬,MF879,10:25:00,落,已到,2026/03/22 10:25:00,10:25:00,10:06:44,,B737-800,2
505,🛬,FX5140,10:25:00,落,已到,2026/03/22 10:25:00,10:25:00,10:33:17,,B777F,1
C3,🛫,BR118,10:26:26,離,已飛,2026/03/22 10:26:26,10:15:00,10:26:26,,A321-200,2
B3,🛬,9C8951,10:30:00,落,已到,2026/03/22 10:30:00,10:30:00,10:14:07,,A320-200,1
A9,🛬,RF511,10:30:00,落,已到,2026/03/22 10:30:00,10:30:00,10:17:21,,A320-200,1
C4,🛫,BR8,10:33:36,離,已飛,2026/03/22 10:33:36,10:30:00,10:33:36,,B777-300,2
C7,🛫,BR6,10:33:59,離,已飛,2026/03/22 10:33:59,10:20:00,10:33:59,,B777-300,2
B8,🛫,MM626,10:34:35,離,已飛,2026/03/22 10:34:35,10:40:00,10:34:35,,A320-200,1
D9,🛫,DL68,10:36:12,離,已飛,2026/03/22 10:36:12,09:55:00,10:36:12,,A350-900,2
A1,🛫,ZE882,10:39:50,離,已飛,2026/03/22 10:39:50,10:45:00,10:39:50,,B737-800,1
B6,🛫,CX489,10:41:53,離,已飛,2026/03/22 10:41:53,10:45:00,10:41:53,,A350-900,1
B5,🛬,TR892,10:45:00,落,已到,2026/03/22 10:45:00,10:45:00,10:23:28,,B787-9,1
A5,🛫,CI909,10:46:18,離,已飛,2026/03/22 10:46:18,10:45:00,10:46:18,,A321-271,1
A7,🛫,JX725,10:49:28,離,已飛,2026/03/22 10:49:28,11:00:00,10:49:28,,A321-252,1
D8,🛬,CZ3023,10:50:00,落,已到,2026/03/22 10:50:00,10:50:00,10:29:21,,B737-800,2
C10,🛬,HX252,10:50:00,落,已到,2026/03/22 10:50:00,10:50:00,10:54:43,,A321-200,2
A3,🛫,HB703,10:50:44,離,已飛,2026/03/22 10:50:44,10:45:00,10:50:44,,B737-800,1
D15,🛬,BR113,10:55:00,落,已到,2026/03/22 10:55:00,10:55:00,11:08:13,,A321-200,2
B4,🛬,AK1510,10:55:00,落,已到,2026/03/22 10:55:00,10:55:00,10:50:51,,A320-200,1
D2,🛫,CA192,10:55:29,離,已飛,2026/03/22 10:55:29,10:50:00,10:55:29,,A330-300,2
A6,🛬,KE2021,11:00:00,落,已到,2026/03/22 11:00:00,11:00:00,10:38:32,,B787-9,1
B7,🛬,CX530,11:00:00,落,已到,2026/03/22 11:00:00,11:00:00,11:04:10,,B777-300,1
504,🛫,CI5382,11:01:26,離,已飛,2026/03/22 11:01:26,11:00:00,11:01:26,,B777F,1
502,🛬,SQ7434,11:05:00,落,已到,2026/03/22 11:05:00,11:05:00,10:59:45,,B777F,1
D5,🛫,JL802,11:08:27,離,已飛,2026/03/22 11:08:27,10:55:00,11:08:27,,B787-8,2
D9,🛬,HU7987,11:10:00,落,已到,2026/03/22 11:10:00,11:10:00,10:44:15,,B737-800,2
B1,🛬,VJ940,11:10:00,落,已到,2026/03/22 11:10:00,11:10:00,11:22:53,,A321-211,1
A3,🛬,SL394,11:10:00,落,已到,2026/03/22 11:10:00,11:10:00,10:53:34,,B737-900,1
B2,🛫,IT214,11:10:54,離,已飛,2026/03/22 11:10:54,11:10:00,11:10:54,,A320-232,1
A2,🛬,7C6151,11:15:00,落,已到,2026/03/22 11:15:00,11:15:00,10:47:09,,B737-800,1
518,🛫,N84803,11:16:00,離,已飛,2026/03/22 11:16:00,08:30:00,11:16:00,,B747-400,1
D4,🛫,MF888,11:16:49,離,已飛,2026/03/22 11:16:49,11:10:00,11:16:49,,A321-251,2
B3,🛫,9C8952,11:18:26,離,已飛,2026/03/22 11:18:26,11:30:00,11:18:26,,A320-200,1
507,🛬,CI6872,11:20:00,落,已到,2026/03/22 11:20:00,11:20:00,12:17:04,,B777F,1
513,🛬,CX5,11:20:00,落,已到,2026/03/22 11:20:00,11:20:00,11:42:45,,B747-8F,1
A9,🛫,RF512,11:20:31,離,已飛,2026/03/22 11:20:31,11:30:00,11:20:31,,A320-200,1
B8,🛬,CX466,11:25:00,落,已到,2026/03/22 11:25:00,11:25:00,11:36:58,,B777-300,1
D7,🛬,CA149,11:25:00,落,已到,2026/03/22 11:25:00,11:25:00,11:31:00,,A321-200,2
D3,🛫,MF880,11:26:21,離,已飛,2026/03/22 11:26:21,11:25:00,11:26:21,,B737-800,2
501,🛫,BR6001,11:27:32,離,已飛,2026/03/22 11:27:32,04:05:00,11:27:32,,B777F,1
D4,🛬,ZH9071,11:30:00,落,已到,2026/03/22 11:30:00,11:30:00,11:23:04,,A321-200,2
A5,🛬,LJ731,11:30:00,落,已到,2026/03/22 11:30:00,11:30:00,11:34:59,,B777-200,1
B9,🛫,CX564,11:32:47,離,已飛,2026/03/22 11:32:47,11:15:00,11:32:47,,B777-300,1
B2,🛬,HO1309,11:35:00,落,已到,2026/03/22 11:35:00,11:35:00,11:52:00,,B787-9,1
D8,🛫,CZ3024,11:35:10,離,已飛,2026/03/22 11:35:10,11:50:00,11:35:10,,B737-800,2
C1,🛬,CA185,11:40:00,落,已到,2026/03/22 11:40:00,11:40:00,11:30:53,,A330-300,2
D6,🛫,OZ712,11:46:53,離,已飛,2026/03/22 11:46:53,11:40:00,11:46:53,,A380-800,2
A4,🛫,JX862,11:48:23,離,已飛,2026/03/22 11:48:23,11:50:00,11:48:23,,A330-900,1
B6,🛬,CX450,11:50:00,落,已到,2026/03/22 11:50:00,11:50:00,11:47:55,,B777-300,1
A1,🛬,GK13,11:50:00,落,已到,2026/03/22 11:50:00,11:50:00,11:22:17,,A320-232,1
501,🛬,BR629,11:50:00,落,已到,2026/03/22 11:50:00,11:50:00,17:46:48,,B777F,1
C10,🛫,HX253,11:53:11,離,已飛,2026/03/22 11:53:11,11:50:00,11:53:11,,A321-200,2
C4,🛬,BR892,12:00:00,落,已到,2026/03/22 12:00:00,12:00:00,12:00:07,,B787-10,2
D2,🛬,CI602,12:05:00,落,已到,2026/03/22 12:05:00,12:05:00,12:08:30,,B737-800,1
D11,🛬,JX790,12:05:00,落,已到,2026/03/22 12:05:00,12:05:00,11:47:12,,A321-252,2
A3,🛫,SL394,12:06:38,離,已飛,2026/03/22 12:06:38,12:10:00,12:06:38,,B737-900,1
B7,🛫,CX530,12:09:28,離,已飛,2026/03/22 12:09:28,12:00:00,12:09:28,,B777-300,1
A4,🛬,IT655,12:10:00,落,已到,2026/03/22 12:10:00,12:10:00,11:50:09,,A320-271,1
A9,🛬,OD882,12:10:00,落,已到,2026/03/22 12:10:00,12:10:00,11:56:57,,B737-MAX,1
A2,🛫,7C6152,12:11:50,離,已飛,2026/03/22 12:11:50,12:15:00,12:11:50,,B737-800,1
A7,🛬,CI151,12:15:00,落,已到,2026/03/22 12:15:00,12:15:00,11:53:33,,A330-300,2
B7,🛬,CX494,12:20:00,落,已到,2026/03/22 12:20:00,12:20:00,12:14:25,,A330-300,1
A6,🛫,KE2022,12:20:15,離,已飛,2026/03/22 12:20:15,12:25:00,12:20:15,,B787-9,1
B5,🛫,TR892,12:21:46,離,已飛,2026/03/22 12:21:46,12:30:00,12:21:46,,B787-9,1
C7,🛫,BR869,12:22:40,離,已飛,2026/03/22 12:22:40,12:25:00,12:22:40,,A321-200,2
D8,🛬,CZ3087,12:25:00,落,已到,2026/03/22 12:25:00,12:25:00,12:03:42,,A330-300,2
B3,🛬,FD230,12:25:00,落,已到,2026/03/22 12:25:00,12:25:00,12:37:22,,A320-200,1
C10,🛬,BX793,12:25:00,落,已到,2026/03/22 12:25:00,12:25:00,12:21:20,,A321-251,2
B1,🛫,VJ941,12:27:01,離,已飛,2026/03/22 12:27:01,12:10:00,12:27:01,,A321-211,1
D1,🛫,CI104,12:27:22,離,已飛,2026/03/22 12:27:22,12:35:00,12:27:22,,A321-271,2
B8,🛫,CX461,12:29:23,離,已飛,2026/03/22 12:29:23,12:25:00,12:29:23,,B777-300,1
D14,🛬,CI107,12:30:00,落,已到,2026/03/22 12:30:00,12:30:00,12:06:40,,A321-271,2
D7,🛫,CA150,12:30:56,離,已飛,2026/03/22 12:30:56,12:30:00,12:30:56,,A321-200,2
505,🛫,FX6127,12:32:05,離,已飛,2026/03/22 12:32:05,12:05:00,12:32:05,,B777F,1
D4,🛫,ZH9072,12:33:18,離,已飛,2026/03/22 12:33:18,12:30:00,12:33:18,,A321-200,2
B4,🛫,AK1510,12:33:24,離,已飛,2026/03/22 12:33:24,12:40:00,12:33:24,,A320-200,1
A8,🛬,CI111,12:35:00,落,已到,2026/03/22 12:35:00,12:35:00,12:42:31,,A330-300,2
A6,🛬,CI121,12:35:00,落,已到,2026/03/22 12:35:00,12:35:00,12:25:49,,A321-271,2
A3,🛬,7C6101,12:35:00,落,已到,2026/03/22 12:35:00,12:35:00,12:27:47,,B737-800,1
A5,🛫,LJ732,12:37:41,離,已飛,2026/03/22 12:37:41,12:40:00,12:37:41,,B777-200,1
B4,🛬,IT241,12:40:00,落,已到,2026/03/22 12:40:00,12:40:00,13:04:28,,A320-271,1
B9,🛬,TG632,12:45:00,落,已到,2026/03/22 12:45:00,12:45:00,12:56:36,,B777-200,1
B5,🛬,TR874,12:45:00,落,已到,2026/03/22 12:45:00,12:45:00,12:39:35,,B787-9,1
B8,🛬,MM25,12:45:00,落,已到,2026/03/22 12:45:00,12:45:00,12:39:08,,A321,1
A1,🛫,GK14,12:45:56,離,已飛,2026/03/22 12:45:56,12:50:00,12:45:56,,A320-232,1
A8,🛫,JX870,12:51:00,離,已飛,2026/03/22 12:51:00,11:40:00,12:51:00,,A321-252,1
B6,🛫,CX450,12:53:14,離,已飛,2026/03/22 12:53:14,12:50:00,12:53:14,,B777-300,1
D4,🛬,CI904,12:55:00,落,已到,2026/03/22 12:55:00,12:55:00,13:12:36,,A321-271,1
D5,🛬,SQ876,12:55:00,落,已到,2026/03/22 12:55:00,12:55:00,12:48:10,,B787-10,2
D16,🛬,BR109,12:55:00,落,已到,2026/03/22 12:55:00,12:55:00,13:06:36,,A321-200,2
513,🛫,CX5,12:56:09,離,已飛,2026/03/22 12:56:09,12:50:00,12:56:09,,B747-8F,1
A4,🛫,IT252,12:59:39,離,已飛,2026/03/22 12:59:39,12:00:00,12:59:39,,A320-271,1
A2,🛬,VJ844,13:00:00,落,已到,2026/03/22 13:00:00,13:00:00,13:01:42,,A321-200,1
502,🛫,SQ7434,13:01:03,離,已飛,2026/03/22 13:01:03,13:05:00,13:01:03,,B777F,1
A9,🛫,OD882,13:01:26,離,已飛,2026/03/22 13:01:26,13:10:00,13:01:26,,B737-MAX,1
D9,🛫,HU7988,13:03:56,離,已飛,2026/03/22 13:03:56,13:10:00,13:03:56,,B737-800,2
D1,🛬,CI702,13:05:00,落,已到,2026/03/22 13:05:00,13:05:00,12:56:06,,A330-300,1
C8,🛬,BR852,13:05:00,落,已到,2026/03/22 13:05:00,13:05:00,13:09:00,,A321-200,2
B1R,🛬,IT247,13:05:00,落,已到,2026/03/22 13:05:00,13:05:00,13:16:48,,A320-232,1
514,🛬,5Y7243,13:05:00,落,正常,2026/03/22 13:05:00,13:05:00,21:30:00,,B747-400,1
D3,🛬,CI113,13:10:00,落,已到,2026/03/22 13:10:00,13:10:00,13:23:52,,A321-271,2
C3,🛬,BR177,13:10:00,落,已到,2026/03/22 13:10:00,13:10:00,13:18:37,,B787-10,2
B2,🛬,UO110,13:10:00,落,已到,2026/03/22 13:10:00,13:10:00,13:01:14,,A321-200,1
C1,🛫,CA186,13:10:26,離,已飛,2026/03/22 13:10:26,13:15:00,13:10:26,,A330-300,2
B2,🛫,HO1310,13:11:42,離,已飛,2026/03/22 13:11:42,12:50:00,13:11:42,,B787-9,1
B7,🛫,CX495,13:12:43,離,已飛,2026/03/22 13:12:43,13:20:00,13:12:43,,A330-300,1
A1,🛬,VZ571,13:15:00,落,已到,2026/03/22 13:15:00,13:15:00,13:18:04,,B737-800,1
509,🛬,CI5165,13:15:00,落,已到,2026/03/22 13:15:00,13:15:00,13:25:43,,B777F,1
C10,🛫,BX794,13:19:46,離,已飛,2026/03/22 13:19:46,13:25:00,13:19:46,,A321-251,2
D7,🛬,AE992,13:20:00,落,已到,2026/03/22 13:20:00,13:20:00,13:44:12,,A321-271,2
B1,🛬,JX202,13:20:00,落,已到,2026/03/22 13:20:00,13:20:00,13:04:58,,A321-252,1
503,🛬,NH8441,13:20:00,落,已到,2026/03/22 13:20:00,13:20:00,13:28:02,,B767-300,1
B6,🛬,JX847,13:25:00,落,已到,2026/03/22 13:25:00,13:25:00,13:39:26,,A330-900,1
D11,🛫,JX745,13:25:22,離,已飛,2026/03/22 13:25:22,13:25:00,13:25:22,,A321-252,2
C4,🛫,BR130,13:26:36,離,已飛,2026/03/22 13:26:36,13:30:00,13:26:36,,B787-10,2
A3,🛫,7C6102,13:26:50,離,已飛,2026/03/22 13:26:50,13:35:00,13:26:50,,B737-800,1
C1,🛬,CI189,13:30:00,落,已到,2026/03/22 13:30:00,13:30:00,13:38:24,,A321-271,1
C6,🛬,BR169,13:30:00,落,已到,2026/03/22 13:30:00,13:30:00,13:39:18,,A330-300,2
D8,🛫,CZ3088,13:32:14,離,已飛,2026/03/22 13:32:14,13:40:00,13:32:14,,A330-300,2
C5,🛬,BR708,13:35:00,落,已到,2026/03/22 13:35:00,13:35:00,13:43:02,,B787-9,2
502,🛬,BR6002,13:35:00,落,已到,2026/03/22 13:35:00,13:35:00,21:36:58,,B777F,1
A7,🛫,CI703,13:35:19,離,已飛,2026/03/22 13:35:19,13:35:00,13:35:19,,A330-300,1
B8,🛫,MM26,13:35:51,離,已飛,2026/03/22 13:35:51,13:40:00,13:35:51,,A321,1
B7,🛬,NX612,13:40:00,落,已到,2026/03/22 13:40:00,13:40:00,13:25:09,,A320-200,1
A9,🛬,TW687,13:40:00,落,已到,2026/03/22 13:40:00,13:40:00,13:09:37,,B737-800,1
A4,🛬,JX234,13:40:00,落,已到,2026/03/22 13:40:00,13:40:00,13:32:06,,A321-252,1
B3,🛫,FD230,13:43:54,離,已飛,2026/03/22 13:43:54,13:25:00,13:43:54,,A320-200,1
515,🛫,5Y8992,13:44:01,離,已飛,2026/03/22 13:44:01,12:30:00,13:44:01,,B747-8F,1
B3,🛬,VZ568,13:45:00,落,已到,2026/03/22 13:45:00,13:45:00,14:24:46,,A321-200,1
C7,🛬,BR105,13:50:00,落,已到,2026/03/22 13:50:00,13:50:00,14:03:36,,B787-9,2
A1,🛬,IT211,13:50:00,落,已到,2026/03/22 13:50:00,13:50:00,14:29:52,,A320-232,1
B1R,🛬,JX835,13:50:00,落,已到,2026/03/22 13:50:00,13:50:00,13:45:36,,A321-252,1
B2,🛫,UO111,13:50:58,離,已飛,2026/03/22 13:50:58,13:55:00,13:50:58,,A321-200,1
B4,🛬,UO112,13:55:00,落,已到,2026/03/22 13:55:00,13:55:00,14:17:18,,A321-200,1
518,🛬,N8811,13:55:00,落,正常,2026/03/22 13:55:00,13:55:00,13:55:00,,B747-400,1
A8,🛫,CI835,13:55:31,離,已飛,2026/03/22 13:55:31,13:50:00,13:55:31,,A330-300,1
A2,🛫,VJ845,13:57:53,離,已飛,2026/03/22 13:57:53,14:00:00,13:57:53,,A321-200,1
D12,🛫,JX713,13:59:03,離,已飛,2026/03/22 13:59:03,14:00:00,13:59:03,,A350-900,2
B8,🛬,BI451,14:00:00,落,已到,2026/03/22 14:00:00,14:00:00,14:08:28,,A320-200,1
D9,🛬,MU5007,14:00:00,落,已到,2026/03/22 14:00:00,14:00:00,13:54:13,,A330-300,2
B5,🛫,TR874,14:00:35,離,已飛,2026/03/22 14:00:35,14:00:00,14:00:35,,B787-9,1
B9,🛫,TG633,14:02:50,離,已飛,2026/03/22 14:02:50,13:55:00,14:02:50,,B777-200,1
D11,🛬,JX786,14:05:00,落,已到,2026/03/22 14:05:00,14:05:00,13:56:48,,A321-252,2
D5,🛫,SQ877,14:05:56,離,已飛,2026/03/22 14:05:56,14:10:00,14:05:56,,B787-10,2
A6,🛫,CI793,14:08:57,離,已飛,2026/03/22 14:08:57,14:10:00,14:08:57,,A321-271,1
A7,🛬,MH366,14:10:00,落,已到,2026/03/22 14:10:00,14:10:00,14:06:56,,B737-800,1
B4,🛫,IT714,14:12:30,離,已飛,2026/03/22 14:12:30,13:05:00,14:12:30,,A320-271,1
D18,🛬,CI502,14:15:00,落,已到,2026/03/22 14:15:00,14:15:00,14:18:08,,B777-300,2
B9,🛬,BR234,14:15:00,落,已到,2026/03/22 14:15:00,14:15:00,14:19:32,,A330-300,2
D8,🛬,CZ3097,14:15:00,落,已到,2026/03/22 14:15:00,14:15:00,13:52:30,,B777-300,2
A5,🛫,CI783,14:15:48,離,已飛,2026/03/22 14:15:48,14:10:00,14:15:48,,A350-900,1
A8,🛬,CI161,14:20:00,落,已到,2026/03/22 14:20:00,14:20:00,14:27:08,,A330-300,1
B5,🛬,MM925,14:20:00,落,已到,2026/03/22 14:20:00,14:20:00,14:09:17,,A320-200,1
B2,🛬,VZ567,14:20:00,落,已到,2026/03/22 14:20:00,14:20:00,14:18:45,,A321-200,1
515,🛬,CI5640,14:20:00,落,已到,2026/03/22 14:20:00,14:20:00,14:26:43,,B747-400,1
D15R,🛫,BR164,14:21:02,離,已飛,2026/03/22 14:21:02,14:25:00,14:21:02,,A321-200,2
A5,🛬,D7378,14:25:00,落,已到,2026/03/22 14:25:00,14:25:00,14:32:31,,A330-300,1
D4,🛫,CI194,14:29:24,離,已飛,2026/03/22 14:29:24,14:30:00,14:29:24,,A321-271,2
A9,🛫,TW688,14:31:31,離,已飛,2026/03/22 14:31:31,14:40:00,14:31:31,,B737-800,1
D14R,🛫,CI108,14:31:43,離,已飛,2026/03/22 14:31:43,14:25:00,14:31:43,,A321-271,2
C10,🛬,BR157,14:35:00,落,已到,2026/03/22 14:35:00,14:35:00,13:56:58,,A321-200,2
A6,🛬,JX821,14:35:00,落,已到,2026/03/22 14:35:00,14:35:00,14:37:23,,A330-900,1
B1R,🛫,IT254,14:36:09,離,已飛,2026/03/22 14:36:09,14:35:00,14:36:09,,A320-232,1
B1R,🛫,CI915,14:38:18,離,已飛,2026/03/22 14:38:18,14:30:00,14:38:18,,B737-800,1
D10,🛬,CI155,14:40:00,落,已到,2026/03/22 14:40:00,14:40:00,14:48:06,,B737-800,2
D3,🛬,JL8671,14:40:00,落,已到,2026/03/22 14:40:00,14:40:00,14:44:03,,B737-800,2
A3,🛬,MM623,14:40:00,落,已到,2026/03/22 14:40:00,14:40:00,14:19:52,,A320-200,1
A1,🛫,VZ571,14:41:05,離,已飛,2026/03/22 14:41:05,14:15:00,14:41:05,,B737-800,1
D3,🛫,CI789,14:42:39,離,已飛,2026/03/22 14:42:39,14:30:00,14:42:39,,A321-271,1
B7,🛫,NX611,14:44:53,離,已飛,2026/03/22 14:44:53,14:40:00,14:44:53,,A320-200,1
A2,🛬,IT201,14:45:00,落,已到,2026/03/22 14:45:00,14:45:00,14:12:33,,A320-232,1
D6,🛫,UA852,14:45:28,離,已飛,2026/03/22 14:45:28,14:50:00,14:45:28,,B777-222,2
A4,🛫,JX838,14:49:30,離,已飛,2026/03/22 14:49:30,14:55:00,14:49:30,,A321-252,1
B7,🛬,CX400,14:50:00,落,已到,2026/03/22 14:50:00,14:50:00,14:47:09,,B777-300,1
519,🛫,C85097,14:52:22,離,已飛,2026/03/22 14:52:22,11:20:00,14:52:22,,B747-400,1
C8,🛫,BR385,14:52:59,離,已飛,2026/03/22 14:52:59,14:50:00,14:52:59,,A321-200,2
503,🛫,NH8442,14:53:34,離,已飛,2026/03/22 14:53:34,14:50:00,14:53:34,,B767-300,1
D2,🛬,CI706,14:55:00,落,已到,2026/03/22 14:55:00,14:55:00,14:40:12,,A321-271,1
C4,🛬,BR802,14:55:00,落,已到,2026/03/22 14:55:00,14:55:00,15:07:18,,A330-300,2
B1,🛫,JX804,14:56:08,離,已飛,2026/03/22 14:56:08,15:00:00,14:56:08,,A321-252,1
B6,🛫,JX840,14:57:23,離,已飛,2026/03/22 14:57:23,14:45:00,14:57:23,,A330-900,1
C6,🛫,BR716,14:59:20,離,已飛,2026/03/22 14:59:20,15:00:00,14:59:20,,A330-300,2
D5,🛬,CI157,15:00:00,落,已到,2026/03/22 15:00:00,15:00:00,15:09:06,,B777-300,2
B8,🛬,BR272,15:00:00,落,已到,2026/03/22 15:00:00,15:00:00,15:26:14,,B787-10,2
D15,🛬,BR131,15:05:00,落,已到,2026/03/22 15:05:00,15:05:00,15:02:04,,B787-10,2
D5R,🛫,JX703,15:06:14,離,已飛,2026/03/22 15:06:14,15:20:00,15:06:14,,A321-252,2
D9,🛫,MU5008,15:08:06,離,已飛,2026/03/22 15:08:06,15:00:00,15:08:06,,A330-300,2
A9,🛬,CI792,15:10:00,落,已到,2026/03/22 15:10:00,15:10:00,14:57:51,,A330-300,1
B6,🛬,TR899,15:10:00,落,已到,2026/03/22 15:10:00,15:10:00,14:59:56,,B787-9,1
B1,🛬,JX716,15:10:00,落,已到,2026/03/22 15:10:00,15:10:00,15:10:03,,A321-252,1
C9,🛫,BR160,15:10:27,離,已飛,2026/03/22 15:10:27,15:15:00,15:10:27,,B787-9,2
C1,🛫,CI178,15:11:19,離,已飛,2026/03/22 15:11:19,14:30:00,15:11:19,,A321-271,2
B5,🛫,MM926,15:12:16,離,已飛,2026/03/22 15:12:16,15:20:00,15:12:16,,A320-200,1
A7,🛫,MH367,15:14:01,離,已飛,2026/03/22 15:14:01,15:10:00,15:14:01,,B737-800,1
A4,🛬,CI782,15:15:00,落,已到,2026/03/22 15:15:00,15:15:00,15:15:07,,B777-300,1
D12,🛬,BR711,15:15:00,落,已到,2026/03/22 15:15:00,15:15:00,14:52:37,,B777-300,2
B2,🛫,VZ567,15:19:23,離,已飛,2026/03/22 15:19:23,15:20:00,15:19:23,,A321-200,1
B8,🛫,BI452,15:19:32,離,已飛,2026/03/22 15:19:32,15:00:00,15:19:32,,A320-200,1
C8,🛬,BR282,15:20:00,落,已到,2026/03/22 15:20:00,15:20:00,15:46:58,,A330-300,2
C5,🛬,BR868,15:20:00,落,已到,2026/03/22 15:20:00,15:20:00,15:03:46,,B787-9,2
C3,🛬,HX264,15:20:00,落,已到,2026/03/22 15:20:00,15:20:00,15:30:09,,A320-214,2
D7,🛫,CI517,15:22:50,離,已飛,2026/03/22 15:22:50,15:35:00,15:22:50,,A321-271,2
A5,🛬,CI834,15:25:00,落,已到,2026/03/22 15:25:00,15:25:00,15:46:20,,A330-300,1
C3,🛫,BR196,15:27:00,離,已飛,2026/03/22 15:27:00,15:20:00,15:27:00,,B787-10,2
B3,🛫,VZ568,15:27:50,離,已飛,2026/03/22 15:27:50,14:45:00,15:27:50,,A321-200,1
D8,🛫,CZ3098,15:30:01,離,已飛,2026/03/22 15:30:01,15:30:00,15:30:01,,B777-300,2
D6,🛬,EK366,15:35:00,落,已到,2026/03/22 15:35:00,15:35:00,16:11:06,,A380-861,2
B3,🛬,IT235,15:35:00,落,已到,2026/03/22 15:35:00,15:35:00,15:29:36,,A320-232,1
B1R,🛬,SL397,15:35:00,落,已到,2026/03/22 15:35:00,15:35:00,15:26:28,,B737-900,1
A2,🛫,IT202,15:37:47,離,已飛,2026/03/22 15:37:47,15:35:00,15:37:47,,A320-232,1
D11,🛫,JX783,15:40:15,離,已飛,2026/03/22 15:40:15,15:40:00,15:40:15,,A321-252,2
A5,🛫,D7378,15:40:20,離,已飛,2026/03/22 15:40:20,15:40:00,15:40:20,,A330-300,1
B9,🛫,BR277,15:40:26,離,已飛,2026/03/22 15:40:26,15:30:00,15:40:26,,A330-300,2
C9,🛬,OZ713,15:45:00,落,已到,2026/03/22 15:45:00,15:45:00,15:38:39,,A350-900,2
D7,🛬,SC4085,15:45:00,落,已到,2026/03/22 15:45:00,15:45:00,15:24:47,,B737-800,2
B5,🛬,IT237,15:45:00,落,已到,2026/03/22 15:45:00,15:45:00,15:35:11,,A320-271,1
A3,🛫,MM628,15:45:55,離,已飛,2026/03/22 15:45:55,15:40:00,15:45:55,,A320-200,1
514,🛫,CI5268,15:46:00,離,已飛,2026/03/22 15:46:00,07:35:00,15:46:00,,B747-400,1
B1R,🛫,CI186,15:46:52,離,已飛,2026/03/22 15:46:52,15:40:00,15:46:52,,A321-271,1
D3,🛬,CI852,15:50:00,落,已到,2026/03/22 15:50:00,15:50:00,15:54:51,,A321-271,1
B2,🛬,CI910,15:50:00,落,已到,2026/03/22 15:50:00,15:50:00,15:32:25,,A321-271,1
A1,🛫,IT212,15:52:21,離,已飛,2026/03/22 15:52:21,14:40:00,15:52:21,,A320-232,1
D3,🛫,JL8670,15:53:30,離,已飛,2026/03/22 15:53:30,15:50:00,15:53:30,,B737-800,2
A3,🛬,CI862,15:55:00,落,已到,2026/03/22 15:55:00,15:55:00,16:13:23,,B737-800,1
A8,🛫,CI527,15:55:21,離,已飛,2026/03/22 15:55:21,15:30:00,15:55:21,,A330-300,2
B4,🛫,UO113,15:57:17,離,已飛,2026/03/22 15:57:17,14:50:00,15:57:17,,A321-200,1
523,🛬,5X64,16:00:00,落,已到,2026/03/22 16:00:00,16:00:00,15:34:51,,B747-400,1
D1,🛫,CI162,16:00:15,離,已飛,2026/03/22 16:00:15,15:45:00,16:00:15,,A321-271,1
D13,🛫,CI172,16:02:36,離,已飛,2026/03/22 16:02:36,14:20:00,16:02:36,,A330-300,2
A6,🛫,JX822,16:02:55,離,已飛,2026/03/22 16:02:55,15:55:00,16:02:55,,A330-900,1
D17,🛬,BR165,16:05:00,落,已到,2026/03/22 16:05:00,16:05:00,15:42:34,,A321-200,2
B9,🛬,BR183,16:05:00,落,已到,2026/03/22 16:05:00,16:05:00,16:30:16,,B787-10,2
513,🛬,CI5321,16:05:00,落,已到,2026/03/22 16:05:00,16:05:00,16:09:36,,B777F,1
C5,🛬,BR398,16:10:00,落,已到,2026/03/22 16:10:00,16:10:00,16:05:07,,B777-300,2
A7,🛬,JX712,16:10:00,落,已到,2026/03/22 16:10:00,16:10:00,15:57:04,,A330-900,2
A8,🛬,JX871,16:10:00,落,已到,2026/03/22 16:10:00,16:10:00,16:45:31,,A321-252,1
B6,🛫,TR899,16:14:13,離,已飛,2026/03/22 16:14:13,16:15:00,16:14:13,,B787-9,1
C1,🛬,ZH9073,16:15:00,落,已到,2026/03/22 16:15:00,16:15:00,16:29:21,,A321-200,2
D8,🛬,SQ878,16:20:00,落,已到,2026/03/22 16:20:00,16:20:00,15:55:33,,B787-10,2
B1,🛫,JX205,16:22:24,離,已飛,2026/03/22 16:22:24,16:15:00,16:22:24,,A321-252,1
522,🛫,CV9016,16:23:21,離,已飛,2026/03/22 16:23:21,07:15:00,16:23:21,,B747-8F,1
509,🛫,CI5346,16:26:05,離,已飛,2026/03/22 16:26:05,14:15:00,16:26:05,,B777F,1
D7,🛫,SC4086,16:26:39,離,已飛,2026/03/22 16:26:39,16:45:00,16:26:39,,B737-800,2
C10,🛫,BR102,16:26:57,離,已飛,2026/03/22 16:26:57,16:25:00,16:26:57,,A321-200,2
A1,🛬,KE2085,16:30:00,落,已到,2026/03/22 16:30:00,16:30:00,16:04:15,,B737-900,1
D11,🛬,BR258,16:30:00,落,已到,2026/03/22 16:30:00,16:30:00,15:51:26,,A321-200,2
D2,🛬,MU5001,16:30:00,落,已到,2026/03/22 16:30:00,16:30:00,16:40:40,,A321-211,2
D1,🛬,CA195,16:30:00,落,已到,2026/03/22 16:30:00,16:30:00,16:21:29,,A330-300,2
504,🛬,FX297,16:35:00,落,已到,2026/03/22 16:35:00,16:35:00,16:18:14,,B777F,1
C4,🛫,BR805,16:36:29,離,已飛,2026/03/22 16:36:29,16:30:00,16:36:29,,A330-300,2
D2,🛫,CI106,16:38:19,離,已飛,2026/03/22 16:38:19,16:25:00,16:38:19,,A321-271,2
D14R,🛫,B7187,16:39:08,離,已飛,2026/03/22 16:39:08,16:25:00,16:39:08,,B787-9,2
B1R,🛫,SL397,16:39:19,離,已飛,2026/03/22 16:39:19,16:40:00,16:39:19,,B737-900,1
D10,🛬,CI552,16:40:00,落,已到,2026/03/22 16:40:00,16:40:00,17:06:20,,A321-271,2
C10,🛬,BX791,16:40:00,落,已到,2026/03/22 16:40:00,16:40:00,16:29:05,,A321-200,2
D15R,🛫,BR758,16:40:16,離,已飛,2026/03/22 16:40:16,16:25:00,16:40:16,,B787-10,2
D12,🛬,CI153,16:45:00,落,已到,2026/03/22 16:45:00,16:45:00,16:46:45,,A321-271,2
D13,🛬,BR153,16:45:00,落,已到,2026/03/22 16:45:00,16:45:00,17:05:19,,A330-300,2
B6,🛬,UO114,16:45:00,落,已到,2026/03/22 16:45:00,16:45:00,16:31:43,,A321-200,1
A9,🛫,CI116,16:47:10,離,已飛,2026/03/22 16:47:10,16:25:00,16:47:10,,A330-300,2
D16,🛫,BR186,16:48:47,離,已飛,2026/03/22 16:48:47,16:50:00,16:48:47,,A321-200,2
B8,🛬,BR384,16:50:00,落,已到,2026/03/22 16:50:00,16:50:00,16:42:23,,A330-300,2
D9,🛬,CZ3095,16:50:00,落,已到,2026/03/22 16:50:00,16:50:00,17:00:58,,B777-300,2
A6,🛬,JX801,16:50:00,落,已到,2026/03/22 16:50:00,16:50:00,16:50:25,,A350-900,1
B5,🛫,IT206,16:50:58,離,已飛,2026/03/22 16:50:58,15:10:00,16:50:58,,A320-271,1
D4,🛫,CI36,16:53:30,離,已飛,2026/03/22 16:53:30,16:40:00,16:53:30,,A350-900,2
B3,🛫,IT606,16:53:58,離,已飛,2026/03/22 16:53:58,17:00:00,16:53:58,,A320-232,1
B1R,🛬,VJ5512,16:55:00,落,已到,2026/03/22 16:55:00,16:55:00,16:55:03,,A321-211,1
509,🛬,CI5686,16:55:00,落,已到,2026/03/22 16:55:00,16:55:00,17:09:16,,B777F,1
518,🛫,N8812,16:55:00,離,正常,2026/03/22 16:55:00,16:55:00,16:55:00,,B747-400,1
C5R,🛫,BR871,16:55:44,離,已飛,2026/03/22 16:55:44,16:35:00,16:55:44,,B787-9,2
D9,🛫,CI503,16:58:41,離,已飛,2026/03/22 16:58:41,16:35:00,16:58:41,,B777-300,2
C6,🛬,BR392,17:00:00,落,已到,2026/03/22 17:00:00,17:00:00,17:29:02,,B777-300,2
B7,🛫,CX443,17:03:56,離,已飛,2026/03/22 17:03:56,15:50:00,17:03:56,,B777-300,1
D3,🛫,CI122,17:04:17,離,已飛,2026/03/22 17:04:17,16:45:00,17:04:17,,A321-271,2
D14,🛬,BR197,17:05:00,落,已到,2026/03/22 17:05:00,17:05:00,17:14:33,,B787-10,2
C8,🛬,BR266,17:05:00,落,已到,2026/03/22 17:05:00,17:05:00,17:19:09,,A330-300,2
B5,🛬,TR896,17:05:00,落,已到,2026/03/22 17:05:00,17:05:00,17:00:04,,B787-9,1
C9,🛫,OZ714,17:05:50,離,已飛,2026/03/22 17:05:50,17:10:00,17:05:50,,A350-900,2
C4,🛬,BR7,17:10:00,落,已到,2026/03/22 17:10:00,17:10:00,16:39:14,,B777-300,2
D18,🛬,BR870,17:10:00,落,已到,2026/03/22 17:10:00,17:10:00,17:16:37,,A321-200,2
B3,🛬,GK55,17:10:00,落,已到,2026/03/22 17:10:00,17:10:00,17:18:27,,A320-232,1
C8,🛫,BR722,17:13:31,離,已飛,2026/03/22 17:13:31,16:30:00,17:13:31,,A330-300,2
C3,🛬,BR212,17:15:00,落,已到,2026/03/22 17:15:00,17:15:00,17:44:08,,B777-300,2
A4,🛬,OD883,17:15:00,落,已到,2026/03/22 17:15:00,17:15:00,17:05:46,,B737-MAX,1
B7,🛬,TG634,17:20:00,落,已到,2026/03/22 17:20:00,17:20:00,18:02:37,,A350-900,1
C7,🛬,BR5,17:20:00,落,已到,2026/03/22 17:20:00,17:20:00,16:58:23,,B777-300,2
D7,🛬,CA189,17:20:00,落,已到,2026/03/22 17:20:00,17:20:00,16:49:09,,A321-200,2
C3,🛫,HX265,17:20:34,離,已飛,2026/03/22 17:20:34,16:15:00,17:20:34,,A320-214,2
A5,🛫,CI150,17:21:35,離,已飛,2026/03/22 17:21:35,17:15:00,17:21:35,,A330-300,2
B1R,🛬,IT257,17:25:00,落,已到,2026/03/22 17:25:00,17:25:00,17:30:17,,A320-271,1
D8,🛫,SQ879,17:25:19,離,已飛,2026/03/22 17:25:19,17:35:00,17:25:19,,B787-10,2
A1,🛫,KE2086,17:26:48,離,已飛,2026/03/22 17:26:48,17:30:00,17:26:48,,B737-900,1
A3,🛬,IT215,17:30:00,落,已到,2026/03/22 17:30:00,17:30:00,17:35:13,,A320-232,1
C1,🛫,ZH9074,17:33:40,離,已飛,2026/03/22 17:33:40,17:35:00,17:33:40,,A321-200,2
C10,🛫,BX792,17:33:48,離,已飛,2026/03/22 17:33:48,17:40:00,17:33:48,,A321-200,2
B4,🛬,CX472,17:35:00,落,已到,2026/03/22 17:35:00,17:35:00,17:22:26,,A350-900,1
D11,🛬,BR218,17:35:00,落,已到,2026/03/22 17:35:00,17:35:00,17:35:45,,B777-300,2
A9,🛬,MM929,17:35:00,落,已到,2026/03/22 17:35:00,17:35:00,17:24:49,,A320-251,1
D5,🛬,MU5005,17:40:00,落,已到,2026/03/22 17:40:00,17:40:00,17:51:40,,A330-300,2
D3,🛬,CA417,17:40:00,落,已到,2026/03/22 17:40:00,17:40:00,17:36:42,,A321-200,2
A5,🛬,FD231,17:40:00,落,已到,2026/03/22 17:40:00,17:40:00,17:38:50,,A320-200,1
D4,🛬,TK24,17:40:00,落,已到,2026/03/22 17:40:00,17:40:00,17:34:54,,B787-9,2
A2,🛫,CI919,17:40:38,離,已飛,2026/03/22 17:40:38,16:55:00,17:40:38,,B737-800,1
A8,🛬,CI101,17:45:00,落,已到,2026/03/22 17:45:00,17:45:00,17:58:19,,A330-300,2
515,🛫,CI6651,17:46:52,離,已飛,2026/03/22 17:46:52,12:00:00,17:46:52,,B747-400,1
D5,🛫,CI12,17:48:56,離,已飛,2026/03/22 17:48:56,17:35:00,17:48:56,,B777-300,2
D2,🛫,MU5002,17:49:18,離,已飛,2026/03/22 17:49:18,17:25:00,17:49:18,,A321-211,2
B9,🛬,BR226,17:50:00,落,已到,2026/03/22 17:50:00,17:50:00,18:15:22,,B777-300,2
A2,🛬,FD243,17:55:00,落,已到,2026/03/22 17:55:00,17:55:00,17:48:02,,A320-200,1
A1,🛬,MM27,17:55:00,落,已到,2026/03/22 17:55:00,17:55:00,18:08:51,,A320-251,1
A8,🛫,JX791,17:56:23,離,已飛,2026/03/22 17:56:23,17:10:00,17:56:23,,A321-252,2
B1R,🛬,VJ842,18:00:00,落,已到,2026/03/22 18:00:00,18:00:00,18:17:25,,A321-200,1
B1,🛬,RF513,18:00:00,落,已到,2026/03/22 18:00:00,18:00:00,17:59:18,,A320,1
503,🛬,3S614,18:00:00,落,已到,2026/03/22 18:00:00,18:00:00,18:45:06,,B777F,1
D1,🛫,CA196,18:04:35,離,已飛,2026/03/22 18:04:35,17:50:00,18:04:35,,A330-300,2
B5,🛫,TR896,18:04:58,離,已飛,2026/03/22 18:04:58,18:15:00,18:04:58,,B787-9,1
A6,🛬,KE2027,18:10:00,落,已到,2026/03/22 18:10:00,18:10:00,18:02:46,,A330-300,1
D8,🛬,MU2009,18:10:00,落,已到,2026/03/22 18:10:00,18:10:00,18:06:50,,A320-200,2
B6,🛬,QH9550,18:10:00,落,已到,2026/03/22 18:10:00,18:10:00,17:52:57,,A321-200,1
D9,🛫,CZ3096,18:13:40,離,已飛,2026/03/22 18:13:40,18:05:00,18:13:40,,B777-300,2
B1R,🛫,VJ5513,18:13:47,離,已飛,2026/03/22 18:13:47,17:55:00,18:13:47,,A321-211,1
B3,🛫,GK54,18:14:09,離,已飛,2026/03/22 18:14:09,18:10:00,18:14:09,,A320-232,1
D9,🛬,CI131,18:15:00,落,已到,2026/03/22 18:15:00,18:15:00,18:18:53,,B777-300,2
A4,🛫,OD883,18:18:13,離,已飛,2026/03/22 18:18:13,18:15:00,18:18:13,,B737-MAX,1
D1,🛬,CA409,18:20:00,落,已到,2026/03/22 18:20:00,18:20:00,18:06:48,,B737-800,2
C10,🛬,HX260,18:20:00,落,已到,2026/03/22 18:20:00,18:20:00,18:30:29,,A320-214,2
A9,🛫,MM930,18:20:43,離,已飛,2026/03/22 18:20:43,18:20:00,18:20:43,,A320-251,1
504,🛫,FX5196,18:23:29,離,已飛,2026/03/22 18:23:29,18:05:00,18:23:29,,B777F,1
D12,🛬,JX742,18:25:00,落,已到,2026/03/22 18:25:00,18:25:00,18:22:14,,A350-900,2
A5,🛫,FD231,18:27:18,離,已飛,2026/03/22 18:27:18,18:40:00,18:27:18,,A320-200,1
A7,🛫,JX235,18:29:17,離,已飛,2026/03/22 18:29:17,17:50:00,18:29:17,,A330-900,1
B5,🛬,CX565,18:30:00,落,已到,2026/03/22 18:30:00,18:30:00,18:52:33,,B777-300,1
B1R,🛫,UO115,18:32:44,離,已飛,2026/03/22 18:32:44,17:40:00,18:32:44,,A321-200,1
A7,🛬,CI82,18:35:00,落,已到,2026/03/22 18:35:00,18:35:00,18:35:00,,A350-900,1
D7,🛫,CA190,18:38:22,離,已飛,2026/03/22 18:38:22,18:45:00,18:38:22,,A321-200,2
A3,🛫,IT232,18:39:28,離,已飛,2026/03/22 18:39:28,18:20:00,18:39:28,,A320-232,1
A9,🛬,CI832,18:40:00,落,已到,2026/03/22 18:40:00,18:40:00,18:29:00,,A330-300,1
B8,🛬,CX451,18:40:00,落,已到,2026/03/22 18:40:00,18:40:00,18:48:24,,B777-300,1
B8,🛫,BR857,18:42:40,離,已飛,2026/03/22 18:42:40,18:10:00,18:42:40,,A330-300,2
D2,🛬,JX803,18:45:00,落,已到,2026/03/22 18:45:00,18:45:00,18:52:10,,A350-100,1
A2,🛫,FD243,18:45:40,離,已飛,2026/03/22 18:45:40,18:55:00,18:45:40,,A320-200,1
B2,🛫,CI923,18:49:23,離,已飛,2026/03/22 18:49:23,18:10:00,18:49:23,,A321-271,1
D6,🛬,UA871,18:50:00,落,已到,2026/03/22 18:50:00,18:50:00,18:18:46,,B777-300,2
D5,🛫,MU5006,18:52:02,離,已飛,2026/03/22 18:52:02,18:40:00,18:52:02,,A330-300,2
A5,🛬,CI754,18:55:00,落,已到,2026/03/22 18:55:00,18:55:00,18:53:38,,A350-900,1
D5,🛬,JX762,18:55:00,落,已到,2026/03/22 18:55:00,18:55:00,18:54:01,,A321-252,2
B2,🛬,VZ569,19:00:00,落,已到,2026/03/22 19:00:00,19:00:00,19:07:39,,A321-200,1
D3,🛫,CA418,19:01:58,離,已飛,2026/03/22 19:01:58,18:50:00,19:01:58,,A321-200,2
A2,🛬,CI704,19:05:00,落,已到,2026/03/22 19:05:00,19:05:00,19:21:21,,A330-300,1
B9,🛬,BR115,19:05:00,落,已到,2026/03/22 19:05:00,19:05:00,19:27:19,,B787-10,2
B7,🛬,JX851,19:05:00,落,已到,2026/03/22 19:05:00,19:05:00,19:24:47,,A330-900,1
C9,🛫,BR50,19:09:40,離,已飛,2026/03/22 19:09:40,19:10:00,19:09:40,,B787-9,2
B4,🛫,CX473,19:09:59,離,已飛,2026/03/22 19:09:59,18:35:00,19:09:59,,A350-900,1
B3,🛬,NX618,19:10:00,落,已到,2026/03/22 19:10:00,19:10:00,19:10:26,,A321-200,1
B6,🛫,QH9551,19:10:24,離,已飛,2026/03/22 19:10:24,19:10:00,19:10:24,,A321-200,1
D8,🛫,MU2010,19:11:29,離,已飛,2026/03/22 19:11:29,19:15:00,19:11:29,,A320-200,2
513,🛫,CI5831,19:13:35,離,已飛,2026/03/22 19:13:35,19:00:00,19:13:35,,B777F,1
A1,🛫,MM28,19:13:51,離,已飛,2026/03/22 19:13:51,18:50:00,19:13:51,,A320-251,1
A4,🛬,CI722,19:15:00,落,已到,2026/03/22 19:15:00,19:15:00,19:03:35,,A350-900,1
B4,🛬,CX531,19:15:00,落,已到,2026/03/22 19:15:00,19:15:00,19:16:52,,B777-300,1
B1R,🛫,VJ943,19:18:39,離,已飛,2026/03/22 19:18:39,19:00:00,19:18:39,,A321-200,1
B7,🛫,TG635,19:19:10,離,已飛,2026/03/22 19:19:10,18:50:00,19:19:10,,A350-900,1
A3,🛬,CI916,19:20:00,落,已到,2026/03/22 19:20:00,19:20:00,20:54:10,,B737-800,1
B1,🛬,IT233,19:20:00,落,已到,2026/03/22 19:20:00,19:20:00,19:31:51,,A320-232,1
C10,🛫,HX261,19:20:35,離,已飛,2026/03/22 19:20:35,19:20:00,19:20:35,,A320-214,2
D1,🛫,CA410,19:22:22,離,已飛,2026/03/22 19:22:22,19:20:00,19:22:22,,B737-800,2
D13,🛬,JX772,19:25:00,落,已到,2026/03/22 19:25:00,19:25:00,19:21:55,,A330-900,2
519,🛬,FX6126,19:25:00,落,已到,2026/03/22 19:25:00,19:25:00,19:17:36,,B777F,1
B1,🛫,RF514,19:25:28,離,已飛,2026/03/22 19:25:28,19:10:00,19:25:28,,A320,1
C8,🛫,BR381,19:26:54,離,已飛,2026/03/22 19:26:54,19:30:00,19:26:54,,A330-300,2
509,🛫,CI5138,19:29:05,離,已飛,2026/03/22 19:29:05,16:00:00,19:29:05,,B777F,1
D10,🛬,BR117,19:30:00,落,已到,2026/03/22 19:30:00,19:30:00,19:15:37,,A321-200,2
B6,🛬,AK1511,19:30:00,落,已到,2026/03/22 19:30:00,19:30:00,19:32:05,,A320-200,1
B1R,🛬,IT253,19:30:00,落,已到,2026/03/22 19:30:00,19:30:00,19:43:13,,A320-271,1
A6,🛫,KE2028,19:31:57,離,已飛,2026/03/22 19:31:57,19:25:00,19:31:57,,A330-300,1
B1R,🛫,VJ843,19:43:41,離,已飛,2026/03/22 19:43:41,19:00:00,19:43:41,,A321-200,1
C5,🛫,BR36,19:44:15,離,已飛,2026/03/22 19:44:15,19:20:00,19:44:15,,B777-300,2
501,🛫,BR622,19:47:14,離,已飛,2026/03/22 19:47:14,16:00:00,19:47:14,,B777F,1
C1,🛫,BR32,19:48:01,離,已飛,2026/03/22 19:48:01,19:20:00,19:48:01,,B777-300,2
C3,🛫,BR12,19:49:14,離,已飛,2026/03/22 19:49:14,19:40:00,19:49:14,,B777-300,2
D1,🛬,CI732,19:55:00,落,已到,2026/03/22 19:55:00,19:55:00,20:10:20,,A321-271,1
B5,🛬,IT715,19:55:00,落,已到,2026/03/22 19:55:00,19:55:00,20:08:02,,A320-271,1
B8,🛫,CX451,19:59:20,離,已飛,2026/03/22 19:59:20,19:40:00,19:59:20,,B777-300,1
A8,🛫,CI755,19:59:34,離,已飛,2026/03/22 19:59:34,19:55:00,19:59:34,,A330-300,1
B3,🛬,MM625,20:00:00,落,已到,2026/03/22 20:00:00,20:00:00,20:14:46,,A320-200,1
C4,🛫,BR18,20:00:55,離,已飛,2026/03/22 20:00:55,19:50:00,20:00:55,,B777-300,2
B5,🛫,CX565,20:02:03,離,已飛,2026/03/22 20:02:03,19:30:00,20:02:03,,B777-300,1
A3,🛫,CI763,20:03:19,離,已飛,2026/03/22 20:03:19,19:55:00,20:03:19,,A321-271,1
D3,🛬,CI195,20:05:00,落,已到,2026/03/22 20:05:00,20:05:00,19:55:28,,A321-271,2
C4,🛬,BR396,20:10:00,落,已到,2026/03/22 20:10:00,20:10:00,20:03:49,,B777-300,2
C6,🛫,BR56,20:10:26,離,已飛,2026/03/22 20:10:26,20:00:00,20:10:26,,B777-300,2
B3,🛫,NX615,20:12:32,離,已飛,2026/03/22 20:12:32,20:10:00,20:12:32,,A321-200,1
B8,🛬,CX402,20:15:00,落,已到,2026/03/22 20:15:00,20:15:00,20:19:04,,A330-300,1
C1,🛬,BR216,20:15:00,落,已到,2026/03/22 20:15:00,20:15:00,20:04:21,,B777-300,2
B1R,🛫,IT602,20:15:57,離,已飛,2026/03/22 20:15:57,20:00:00,20:15:57,,A320-271,1
B4,🛫,CX531,20:19:48,離,已飛,2026/03/22 20:19:48,20:15:00,20:19:48,,B777-300,1
B2,🛫,VZ569,20:19:54,離,已飛,2026/03/22 20:19:54,19:45:00,20:19:54,,A321-200,1
B1R,🛬,SL395,20:20:00,落,已到,2026/03/22 20:20:00,20:20:00,20:11:30,,B737-900,1
C3,🛬,BR129,20:25:00,落,已到,2026/03/22 20:25:00,20:25:00,20:16:32,,B787-10,2
C8,🛬,BR163,20:25:00,落,已到,2026/03/22 20:25:00,20:25:00,20:17:20,,A321-200,2
B1,🛬,UO116,20:25:00,落,已到,2026/03/22 20:25:00,20:25:00,20:30:20,,A321-200,1
D17,🛫,BR261,20:28:57,離,已飛,2026/03/22 20:28:57,20:30:00,20:28:57,,A321-200,2
D16,🛬,CI528,20:30:00,落,已到,2026/03/22 20:30:00,20:30:00,20:58:48,,A330-300,2
513,🛬,CI5313,20:30:00,落,已到,2026/03/22 20:30:00,20:30:00,20:21:39,,B777F,1
B1,🛬,PR894,20:35:00,落,取消,2026/03/22 20:35:00,20:35:00,20:35:00,,A321-231,1
C5R,🛬,HX282,20:35:00,落,已到,2026/03/22 20:35:00,20:35:00,21:36:09,,A320-214,2
B7,🛬,JX863,20:35:00,落,已到,2026/03/22 20:35:00,20:35:00,20:28:25,,A330-900,1
B6,🛫,AK1511,20:39:47,離,已飛,2026/03/22 20:39:47,20:15:00,20:39:47,,A320-200,1
C6,🛬,BR76,20:40:00,落,已到,2026/03/22 20:40:00,20:40:00,21:25:11,,B777-300,2
D13,🛬,CI123,20:45:00,落,已到,2026/03/22 20:45:00,20:45:00,21:08:24,,A321-271,2
B2,🛬,HB704,20:45:00,落,已到,2026/03/22 20:45:00,20:45:00,21:17:55,,B737-800,1
D12,🛫,JX32,20:45:40,離,已飛,2026/03/22 20:45:40,20:30:00,20:45:40,,A350-900,2
D7,🛫,JX26,20:47:44,離,已飛,2026/03/22 20:47:44,20:45:00,20:47:44,,A350-900,2
A8,🛬,JX841,20:50:00,落,已到,2026/03/22 20:50:00,20:50:00,20:39:04,,A330-900,1
B9,🛫,BR205,20:50:04,離,已飛,2026/03/22 20:50:04,20:45:00,20:50:04,,B787-10,2
D15,🛬,CI105,20:55:00,落,已到,2026/03/22 20:55:00,20:55:00,20:44:04,,A321-271,2
D2,🛬,CI762,20:55:00,落,已到,2026/03/22 20:55:00,20:55:00,21:09:06,,A350-900,1
C10,🛬,BR185,20:55:00,落,已到,2026/03/22 20:55:00,20:55:00,20:45:32,,A321-200,2
C9,🛬,BR238,20:55:00,落,已到,2026/03/22 20:55:00,20:55:00,20:53:42,,B787-9,2
503,🛫,3S613,20:59:43,離,已飛,2026/03/22 20:59:43,20:10:00,20:59:43,,B777F,1
D12,🛬,CI179,21:05:00,落,已到,2026/03/22 21:05:00,21:05:00,21:32:42,,A321-271,2
A2,🛬,CI772,21:05:00,落,已到,2026/03/22 21:05:00,21:05:00,20:44:44,,A330-300,1
D5,🛬,DL69,21:05:00,落,已到,2026/03/22 21:05:00,21:05:00,20:21:26,,A350-900,2
D10,🛬,VN578,21:05:00,落,已到,2026/03/22 21:05:00,21:05:00,21:25:33,,A321-231,2
A1,🛬,CI794,21:10:00,落,已到,2026/03/22 21:10:00,21:10:00,21:12:54,,A321-271,1
C1,🛬,BR278,21:10:00,落,已到,2026/03/22 21:10:00,21:10:00,21:23:16,,A330-300,2
C5R,🛬,VN570,21:10:00,落,已到,2026/03/22 21:10:00,21:10:00,21:33:56,,A321-231,2
D8,🛬,JL809,21:10:00,落,已到,2026/03/22 21:10:00,21:10:00,21:03:14,,B787-8,2
B3,🛫,MM860,21:11:34,離,已飛,2026/03/22 21:11:34,20:55:00,21:11:34,,A320-200,1
B8,🛫,CX479,21:14:26,離,已飛,2026/03/22 21:14:26,21:15:00,21:14:26,,A330-300,1
D1,🛬,CI173,21:15:00,落,正常,2026/03/22 21:15:00,21:15:00,22:43:00,,A330-300,2
A9,🛬,CI790,21:20:00,落,已到,2026/03/22 21:20:00,21:20:00,21:00:13,,A321-271,1
B6,🛬,CX464,21:20:00,落,已到,2026/03/22 21:20:00,21:20:00,21:32:36,,A330-300,1
B1R,🛬,IT213,21:20:00,落,正常,2026/03/22 21:20:00,21:20:00,22:17:00,,A320-232,1
C6,🛬,BR872,21:25:00,落,正常,2026/03/22 21:25:00,21:25:00,22:25:00,,B787-9,2
B1,🛫,UO117,21:25:57,離,已飛,2026/03/22 21:25:57,21:15:00,21:25:57,,A321-200,1
C7,🛫,BR52,21:28:50,離,已飛,2026/03/22 21:28:50,21:20:00,21:28:50,,B777-300,2
D1,🛬,CI187,21:30:00,落,已到,2026/03/22 21:30:00,21:30:00,21:32:26,,A321-271,1
D16,🛬,BR757,21:30:00,落,已到,2026/03/22 21:30:00,21:30:00,22:12:44,,B787-10,2
C3,🛬,B7188,21:35:00,落,已到,2026/03/22 21:35:00,21:35:00,21:31:02,,B787-9,2
B1,🛫,PR895,21:35:00,離,取消,2026/03/22 21:35:00,21:35:00,21:35:00,,A321-231,1
D9,🛫,CI24,21:37:07,離,已飛,2026/03/22 21:37:07,21:30:00,21:37:07,,B777-300,2
B1R,🛫,SL395,21:38:56,離,已飛,2026/03/22 21:38:56,21:20:00,21:38:56,,B737-900,1
D14,🛬,BR159,21:40:00,落,已到,2026/03/22 21:40:00,21:40:00,21:11:43,,B787-9,2
B3,🛬,NX622,21:40:00,落,已到,2026/03/22 21:40:00,21:40:00,21:50:52,,A320-200,1
B8,🛬,BR256,21:45:00,落,已到,2026/03/22 21:45:00,21:45:00,21:44:46,,A330-300,2
A3,🛬,CI920,21:50:00,落,正常,2026/03/22 21:50:00,21:50:00,22:39:00,,B737-800,1
B7,🛬,BR68,21:50:00,落,已到,2026/03/22 21:50:00,21:50:00,22:02:15,,B777-300,2
D5,🛬,CI504,21:55:00,落,已到,2026/03/22 21:55:00,21:55:00,22:02:50,,B777-300,2
C10,🛬,BR386,21:55:00,落,已到,2026/03/22 21:55:00,21:55:00,21:50:03,,A321-200,2
D9,🛬,JX714,21:55:00,落,正常,2026/03/22 21:55:00,21:55:00,22:15:00,,A350-900,2
D18,🛬,BR806,22:00:00,落,已到,2026/03/22 22:00:00,22:00:00,22:08:45,,A330-300,2
B4,🛬,JX726,22:00:00,落,已到,2026/03/22 22:00:00,22:00:00,21:38:24,,A321-252,1
D4,🛫,TK25,22:00:10,離,已飛,2026/03/22 22:00:10,22:10:00,22:00:10,,B787-9,2
D11,🛬,JX704,22:05:00,落,已到,2026/03/22 22:05:00,22:05:00,21:57:08,,A321-252,2
D10,🛬,JX792,22:05:00,落,正常,2026/03/22 22:05:00,22:05:00,22:33:00,,A321-252,2
C5R,🛫,HX283,22:05:00,離,正常,2026/03/22 22:05:00,21:35:00,22:05:00,,A320-214,2
B2,🛫,HB705,22:05:00,離,正常,2026/03/22 22:05:00,21:40:00,22:05:00,,B737-800,1
A8,🛬,CI784,22:10:00,落,已到,2026/03/22 22:10:00,22:10:00,21:59:43,,A350-900,1
B1R,🛬,TG636,22:10:00,落,已到,2026/03/22 22:10:00,22:10:00,22:03:50,,A320,1
D14,🛬,BR721,22:10:00,落,已到,2026/03/22 22:10:00,22:10:00,22:10:56,,A330-300,2
B1,🛬,IT207,22:15:00,落,正常,2026/03/22 22:15:00,22:15:00,23:42:00,,A320-271,1
B2,🛬,HB706,22:15:00,落,正常,2026/03/22 22:15:00,22:15:00,22:18:00,,B737-800,1
D15,🛬,CI117,22:20:00,落,已到,2026/03/22 22:20:00,22:20:00,22:06:44,,A330-300,2
A2,🛬,CI163,22:20:00,落,已到,2026/03/22 22:20:00,22:20:00,22:08:11,,A321-271,1
B6,🛫,CX469,22:20:00,離,正常,2026/03/22 22:20:00,22:20:00,22:20:00,,A330-300,1
A9,🛬,CI836,22:25:00,落,正常,2026/03/22 22:25:00,22:25:00,22:37:00,,A330-300,1
A1,🛬,JX206,22:25:00,落,正常,2026/03/22 22:25:00,22:25:00,22:14:00,,A321-252,1
D12,🛬,JX784,22:25:00,落,正常,2026/03/22 22:25:00,22:25:00,22:12:00,,A321-252,2
B5,🛬,TR893,22:30:00,落,已到,2026/03/22 22:30:00,22:30:00,21:55:54,,B787-9,1
B1R,🛬,IT607,22:30:00,落,正常,2026/03/22 22:30:00,22:30:00,22:21:00,,A320-232,1
D13,🛬,JX746,22:30:00,落,正常,2026/03/22 22:30:00,22:30:00,22:18:00,,A321-252,2
B1,🛬,JX839,22:30:00,落,已到,2026/03/22 22:30:00,22:30:00,21:47:11,,A321-252,1
D3,🛫,CI837,22:30:00,離,正常,2026/03/22 22:30:00,22:30:00,22:30:00,,A321-271,1
B3,🛫,NX621,22:30:00,離,正常,2026/03/22 22:30:00,22:30:00,22:30:00,,A320-200,1
513,🛫,CI5116,22:35:00,離,正常,2026/03/22 22:35:00,20:00:00,22:35:00,,B777F,1
D17,🛬,BR101,22:40:00,落,正常,2026/03/22 22:40:00,22:40:00,22:11:00,,A321-200,2
D3,🛬,CI109,22:45:00,落,正常,2026/03/22 22:45:00,22:45:00,22:45:00,,A321-271,2
B6,🛬,JX823,22:50:00,落,正常,2026/03/22 22:50:00,22:50:00,22:53:00,,A330-900,1
503,🛬,BR635,22:50:00,落,正常,2026/03/22 22:50:00,22:50:00,22:37:00,,B777F,1
A3,🛬,CI924,22:55:00,落,正常,2026/03/22 22:55:00,22:55:00,23:20:00,,A321-271,1
D17,🛬,BR858,22:55:00,落,正常,2026/03/22 22:55:00,22:55:00,23:25:00,,A330-300,2
D11,🛬,BR715,23:00:00,落,正常,2026/03/22 23:00:00,23:00:00,22:37:00,,A330-300,2
B3,🛬,Z2120,23:00:00,落,正常,2026/03/22 23:00:00,23:00:00,23:54:00,,A320-216,1
B1R,🛬,IT255,23:00:00,落,正常,2026/03/22 23:00:00,23:00:00,22:46:00,,A320-232,1
D6,🛫,EK367,23:00:00,離,正常,2026/03/22 23:00:00,23:00:00,23:00:00,,A380-861,2
B4,🛬,D7379,23:05:00,落,正常,2026/03/22 23:05:00,23:05:00,23:05:00,,A330-300,1
B7,🛬,JX236,23:05:00,落,正常,2026/03/22 23:05:00,23:05:00,23:31:00,,A330-900,1
B8,🛬,TR875,23:10:00,落,正常,2026/03/22 23:10:00,23:10:00,22:35:00,,B787-9,1
A6,🛫,CI61,23:10:00,離,正常,2026/03/22 23:10:00,23:10:00,23:10:00,,A350-900,1
C9,🛫,BR95,23:10:00,離,正常,2026/03/22 23:10:00,23:10:00,23:10:00,,B787-9,2
B2,🛫,HB707,23:10:00,離,正常,2026/03/22 23:10:00,23:10:00,23:10:00,,B737-800,1
A2,🛬,JX805,23:20:00,落,正常,2026/03/22 23:20:00,23:20:00,22:58:00,,A321-252,1
A7,🛫,CI63,23:20:00,離,正常,2026/03/22 23:20:00,23:20:00,23:20:00,,A350-900,1
515,🛬,CI5874,23:20:00,落,正常,2026/03/22 23:20:00,23:20:00,23:20:00,,B747-400,1
C9,🛬,BR195,23:25:00,落,正常,2026/03/22 23:25:00,23:25:00,23:11:00,,B787-10,2
B2,🛬,IT203,23:25:00,落,正常,2026/03/22 23:25:00,23:25:00,23:29:00,,A320-232,1
A4,🛫,CI75,23:25:00,離,正常,2026/03/22 23:25:00,23:25:00,23:25:00,,A350-900,1
C8,🛫,BR71,23:25:00,離,正常,2026/03/22 23:25:00,23:25:00,23:25:00,,B787-9,2
C5,🛫,BR28,23:30:00,離,正常,2026/03/22 23:30:00,23:30:00,23:30:00,,B777-300,2
C4,🛫,BR87,23:30:00,離,正常,2026/03/22 23:30:00,23:30:00,23:30:00,,B777-300,2
B5,🛫,TR893,23:30:00,離,正常,2026/03/22 23:30:00,23:30:00,23:30:00,,B787-9,1
D2,🛫,CI22,23:35:00,離,正常,2026/03/22 23:35:00,23:35:00,23:35:00,,A350-900,2
C3,🛫,BR65,23:35:00,離,正常,2026/03/22 23:35:00,23:35:00,23:35:00,,B787-9,2
A6,🛬,LJ751,23:40:00,落,正常,2026/03/22 23:40:00,23:40:00,23:14:00,,B737-800,1
C7,🛫,BR26,23:40:00,離,正常,2026/03/22 23:40:00,23:40:00,23:40:00,,B787-10,2
D8,🛫,JX2,23:40:00,離,正常,2026/03/22 23:40:00,23:40:00,23:40:00,,A350-900,2
A5,🛫,CI73,23:45:00,離,正常,2026/03/22 23:45:00,23:15:00,23:45:00,,A350-900,1
D7,🛫,CI4,23:45:00,離,正常,2026/03/22 23:45:00,23:45:00,23:45:00,,B777-300,2
D6,🛬,CI518,23:50:00,落,正常,2026/03/22 23:50:00,23:50:00,23:20:00,,A321-271,2
A4,🛬,LJ763,23:50:00,落,正常,2026/03/22 23:50:00,23:50:00,23:32:00,,B737-900,1
A1,🛬,7C6163,23:50:00,落,正常,2026/03/22 23:50:00,23:50:00,23:01:00,,B737-800,1
D4,🛫,CI8,23:50:00,離,正常,2026/03/22 23:50:00,23:50:00,23:50:00,,B777-300,2
A8,🛫,CI51,23:50:00,離,正常,2026/03/22 23:50:00,23:50:00,23:50:00,,A350-900,2
D5,🛫,CI32,23:55:00,離,正常,2026/03/22 23:55:00,23:55:00,23:55:00,,B777-300,2
C1,🛫,BR10,23:55:00,離,正常,2026/03/22 23:55:00,23:55:00,23:55:00,,B777-300,2
B9,🛫,BR16,23:55:00,離,正常,2026/03/22 23:55:00,23:55:00,23:55:00,,B777-300,2
517,🛫,BR6327,23:57:08,離,已飛,2026/03/22 23:57:08,00:05:00,23:57:08,,B777F,1