Timestamp,UTC,Callsign,Position,Altitude,Speed,Direction
1775213182,2026-04-03T10:46:22Z,TTW753,"25.726227,122.218933",15950,311,228
1775213216,2026-04-03T10:46:56Z,TTW753,"25.693716,122.177658",15275,301,229
1775213249,2026-04-03T10:47:29Z,TTW753,"25.664703,122.140656",14750,283,228
1775213288,2026-04-03T10:48:08Z,TTW753,"25.633301,122.100624",14325,261,229
1775213317,2026-04-03T10:48:37Z,TTW753,"25.619232,122.082413",14125,251,230
1775213321,2026-04-03T10:48:41Z,TTW753,"25.616455,122.07769",14050,248,239
1775213326,2026-04-03T10:48:46Z,TTW753,"25.61495,122.074326",14000,248,243
1775213331,2026-04-03T10:48:51Z,TTW753,"25.612564,122.066704",13900,246,254
1775213336,2026-04-03T10:48:56Z,TTW753,"25.612158,122.064995",13875,246,253
1775213351,2026-04-03T10:49:11Z,TTW753,"25.603317,122.028755",13275,242,254
1775213357,2026-04-03T10:49:17Z,TTW753,"25.601257,122.020668",13175,240,254
1775213391,2026-04-03T10:49:51Z,TTW753,"25.591324,121.981865",12525,234,253
1775213427,2026-04-03T10:50:27Z,TTW753,"25.579756,121.940933",11925,233,252
1775213443,2026-04-03T10:50:43Z,TTW753,"25.574682,121.923004",11650,235,252
1775213458,2026-04-03T10:50:58Z,TTW753,"25.569534,121.905312",11400,235,251
1775213477,2026-04-03T10:51:17Z,TTW753,"25.563417,121.884758",11100,231,251
1775213492,2026-04-03T10:51:32Z,TTW753,"25.55904,121.870041",10875,228,252
1775213506,2026-04-03T10:51:46Z,TTW753,"25.553362,121.850975",10625,228,251
1775213530,2026-04-03T10:52:10Z,TTW753,"25.545044,121.824135",10200,228,250
1775213547,2026-04-03T10:52:27Z,TTW753,"25.539303,121.805992",9925,225,250
1775213565,2026-04-03T10:52:45Z,TTW753,"25.533325,121.787056",9650,220,250
1775213583,2026-04-03T10:53:03Z,TTW753,"25.527571,121.768883",9375,218,250
1775213600,2026-04-03T10:53:20Z,TTW753,"25.521332,121.74942",9125,219,250
1775213617,2026-04-03T10:53:37Z,TTW753,"25.51561,121.731316",8900,221,250
1775213634,2026-04-03T10:53:54Z,TTW753,"25.5103,121.714058",8675,219,251
1775213651,2026-04-03T10:54:11Z,TTW753,"25.504715,121.695244",8425,212,251
1775213679,2026-04-03T10:54:39Z,TTW753,"25.496708,121.668503",8050,201,251
1775213695,2026-04-03T10:54:55Z,TTW753,"25.491852,121.652428",7850,195,251
1775213710,2026-04-03T10:55:10Z,TTW753,"25.487722,121.638397",7625,190,252
1775213727,2026-04-03T10:55:27Z,TTW753,"25.483393,121.623215",7400,186,252
1775213744,2026-04-03T10:55:44Z,TTW753,"25.478878,121.607201",7200,182,253
1775213762,2026-04-03T10:56:02Z,TTW753,"25.474548,121.59108",6975,186,253
1775213780,2026-04-03T10:56:20Z,TTW753,"25.470291,121.574806",6725,188,254
1775213798,2026-04-03T10:56:38Z,TTW753,"25.466215,121.559006",6500,186,254
1775213815,2026-04-03T10:56:55Z,TTW753,"25.4617,121.542419",6275,184,249
1775213821,2026-04-03T10:57:01Z,TTW753,"25.459139,121.537704",6150,184,236
1775213827,2026-04-03T10:57:07Z,TTW753,"25.455601,121.53392",6100,182,220
1775213834,2026-04-03T10:57:14Z,TTW753,"25.450666,121.530869",6000,185,205
1775213839,2026-04-03T10:57:19Z,TTW753,"25.446058,121.529671",5925,188,192
1775213845,2026-04-03T10:57:25Z,TTW753,"25.440844,121.529724",5850,193,177
1775213851,2026-04-03T10:57:31Z,TTW753,"25.435501,121.530663",5775,196,169
1775213857,2026-04-03T10:57:37Z,TTW753,"25.430008,121.532135",5725,195,166
1775213862,2026-04-03T10:57:42Z,TTW753,"25.42511,121.533562",5675,194,165
1775213869,2026-04-03T10:57:49Z,TTW753,"25.419617,121.535187",5600,190,164
1775213874,2026-04-03T10:57:54Z,TTW753,"25.415268,121.53656",5550,187,164
1775213891,2026-04-03T10:58:11Z,TTW753,"25.40081,121.541023",5425,177,164
1775213909,2026-04-03T10:58:29Z,TTW753,"25.387449,121.54512",5300,174,164
1775213927,2026-04-03T10:58:47Z,TTW753,"25.373566,121.549278",5150,172,165
1775213944,2026-04-03T10:59:04Z,TTW753,"25.360748,121.552887",5000,169,168
1775213950,2026-04-03T10:59:10Z,TTW753,"25.355793,121.553253",4950,165,177
1775213956,2026-04-03T10:59:16Z,TTW753,"25.351273,121.55294",4900,163,184
1775213961,2026-04-03T10:59:21Z,TTW753,"25.346786,121.55233",4850,162,187
1775213967,2026-04-03T10:59:27Z,TTW753,"25.342896,121.551666",4800,162,188
1775213973,2026-04-03T10:59:33Z,TTW753,"25.338867,121.550957",4775,162,189
1775213979,2026-04-03T10:59:39Z,TTW753,"25.334101,121.550041",4725,163,189
1775213984,2026-04-03T10:59:44Z,TTW753,"25.32962,121.549225",4675,162,189
1775214002,2026-04-03T11:00:02Z,TTW753,"25.317156,121.545998",4525,158,204
1775214008,2026-04-03T11:00:08Z,TTW753,"25.313553,121.543274",4475,157,217
1775214014,2026-04-03T11:00:14Z,TTW753,"25.310623,121.540428",4425,157,222
1775214019,2026-04-03T11:00:19Z,TTW753,"25.307705,121.537239",4375,157,225
1775214025,2026-04-03T11:00:25Z,TTW753,"25.304718,121.53376",4325,156,226
1775214031,2026-04-03T11:00:31Z,TTW753,"25.301792,121.530243",4300,155,228
1775214036,2026-04-03T11:00:36Z,TTW753,"25.299545,121.527405",4250,153,228
1775214042,2026-04-03T11:00:42Z,TTW753,"25.296936,121.524147",4250,151,228
1775214053,2026-04-03T11:00:53Z,TTW753,"25.291489,121.517334",4225,150,228
1775214069,2026-04-03T11:01:09Z,TTW753,"25.284576,121.50869",4225,154,228
1775214081,2026-04-03T11:01:21Z,TTW753,"25.278517,121.500916",4225,153,229
1775214091,2026-04-03T11:01:31Z,TTW753,"25.274141,121.495369",4225,153,228
1775214103,2026-04-03T11:01:43Z,TTW753,"25.268276,121.487953",4225,153,229
1775214109,2026-04-03T11:01:49Z,TTW753,"25.2659,121.484833",4225,153,229
1775214120,2026-04-03T11:02:00Z,TTW753,"25.260406,121.47776",4225,151,229
1775214131,2026-04-03T11:02:11Z,TTW753,"25.25552,121.471527",4225,151,229
1775214139,2026-04-03T11:02:19Z,TTW753,"25.251564,121.466454",4225,151,229
1775214146,2026-04-03T11:02:26Z,TTW753,"25.248583,121.462563",4225,151,229
1775214153,2026-04-03T11:02:33Z,TTW753,"25.245371,121.458473",4225,151,229
1775214161,2026-04-03T11:02:41Z,TTW753,"25.24173,121.453804",4225,151,229
1775214168,2026-04-03T11:02:48Z,TTW753,"25.238808,121.45002",4225,151,229
1775214177,2026-04-03T11:02:57Z,TTW753,"25.234497,121.444496",4225,151,228
1775214183,2026-04-03T11:03:03Z,TTW753,"25.231918,121.441261",4250,150,229
1775214190,2026-04-03T11:03:10Z,TTW753,"25.228519,121.436966",4300,150,228
1775214199,2026-04-03T11:03:19Z,TTW753,"25.224472,121.431885",4250,154,229
1775214205,2026-04-03T11:03:25Z,TTW753,"25.221405,121.427971",4175,153,229
1775214212,2026-04-03T11:03:32Z,TTW753,"25.218384,121.424103",4125,151,229
1775214221,2026-04-03T11:03:41Z,TTW753,"25.214218,121.418816",4050,146,229
1775214231,2026-04-03T11:03:51Z,TTW753,"25.209852,121.413231",3925,143,229
1775214239,2026-04-03T11:03:59Z,TTW753,"25.206314,121.408669",3800,141,229
1775214246,2026-04-03T11:04:06Z,TTW753,"25.203241,121.404732",3700,141,229
1775214253,2026-04-03T11:04:13Z,TTW753,"25.200449,121.4011",3600,141,229
1775214261,2026-04-03T11:04:21Z,TTW753,"25.196823,121.396484",3475,142,229
1775214268,2026-04-03T11:04:28Z,TTW753,"25.194031,121.392921",3400,140,229
1775214277,2026-04-03T11:04:37Z,TTW753,"25.190207,121.388092",3325,138,229
1775214283,2026-04-03T11:04:43Z,TTW753,"25.187647,121.384781",3250,136,229
1775214290,2026-04-03T11:04:50Z,TTW753,"25.184946,121.38131",3175,135,229
1775214298,2026-04-03T11:04:58Z,TTW753,"25.181259,121.376648",3075,134,229
1775214307,2026-04-03T11:05:07Z,TTW753,"25.17815,121.37265",2975,132,228
1775214318,2026-04-03T11:05:18Z,TTW753,"25.176149,121.37011",2925,131,228
1775214326,2026-04-03T11:05:26Z,TTW753,"25.17033,121.362755",2750,132,229
1775214333,2026-04-03T11:05:33Z,TTW753,"25.167664,121.359352",2700,130,229
1775214342,2026-04-03T11:05:42Z,TTW753,"25.164045,121.354774",2625,131,229
1775214348,2026-04-03T11:05:48Z,TTW753,"25.161209,121.351112",2550,131,229
1775214355,2026-04-03T11:05:55Z,TTW753,"25.159063,121.348396",2500,130,228
1775214362,2026-04-03T11:06:02Z,TTW753,"25.156038,121.344566",2425,131,229
1775214371,2026-04-03T11:06:11Z,TTW753,"25.152374,121.339928",2325,136,229
1775214377,2026-04-03T11:06:17Z,TTW753,"25.150223,121.337181",2250,136,228
1775214385,2026-04-03T11:06:25Z,TTW753,"25.146448,121.332436",2125,138,229
1775214392,2026-04-03T11:06:32Z,TTW753,"25.143631,121.328835",2100,135,229
1775214399,2026-04-03T11:06:39Z,TTW753,"25.141251,121.325783",2025,136,228
1775214401,2026-04-03T11:06:41Z,TTW753,"25.140163,121.324356",1975,138,228
1775214403,2026-04-03T11:06:43Z,TTW753,"25.139278,121.323318",1950,139,228
1775214411,2026-04-03T11:06:51Z,TTW753,"25.13574,121.318756",1825,139,229
1775214420,2026-04-03T11:07:00Z,TTW753,"25.131924,121.313889",1725,136,229
1775214429,2026-04-03T11:07:09Z,TTW753,"25.128525,121.309479",1625,139,229
1775214437,2026-04-03T11:07:17Z,TTW753,"25.124954,121.304878",1550,137,229
1775214446,2026-04-03T11:07:26Z,TTW753,"25.121429,121.300407",1425,138,228
1775214454,2026-04-03T11:07:34Z,TTW753,"25.118408,121.296593",1350,138,229
1775214469,2026-04-03T11:07:49Z,TTW753,"25.111441,121.287712",1150,136,229
1775214481,2026-04-03T11:08:01Z,TTW753,"25.106827,121.281891",1025,138,228
1775214492,2026-04-03T11:08:12Z,TTW753,"25.106552,121.281548",1025,137,230
1775214505,2026-04-03T11:08:25Z,TTW753,"25.09943,121.27243",825,137,229
1775214512,2026-04-03T11:08:32Z,TTW753,"25.098949,121.27182",825,137,230
1775214523,2026-04-03T11:08:43Z,TTW753,"25.089375,121.259682",550,138,229
1775214528,2026-04-03T11:08:48Z,TTW753,"25.086914,121.256561",500,138,229
1775214538,2026-04-03T11:08:58Z,TTW753,"25.082336,121.250763",375,140,229
1775214548,2026-04-03T11:09:08Z,TTW753,"25.078354,121.245674",275,140,229
1775214551,2026-04-03T11:09:11Z,TTW753,"25.077347,121.244354",275,138,229
